avg_nutrition_score,avg_toxicity_score,avg_processed_score,avg_hormonal_score,avg_overall_score,scan_frequency_weekly,scan_count,healthy_scan_ratio,high_toxicity_ratio,cosmetic_ratio,food_ratio,label
48,93,100,43,28,1,12,0.13,0.95,0.11,0.93,processed_food_heavy
95,40,29,39,71,1,14,0.65,0.34,0.33,0.79,healthy_trend
66,51,0,18,74,9,26,0.51,0.48,0.11221996143656858,0.4,balanced_user
61,46,63,75,44,6,13,0.15,0.57,0.2127666583894116,0.22,hormonal_risk
40,49,24,40,56,7,32,0.76,0.55,0.17,0.57,balanced_user
37,71,50,41,43,4,13,0.34,0.45,0.1,0.75,processed_food_heavy
14,67,73,36,34,12,43,0.55,0.83,0.14293925063590185,0.0,toxin_risk
21,100,47,12,40,6,25,0.16,1.0,0.06,0.68,toxin_risk
50,36,45,85,46,10,44,0.3,0.25,0.68,0.45,hormonal_risk
35,68,71,46,37,1,3,0.23,0.56,0.04,0.74,processed_food_heavy
66,65,45,74,45,11,48,0.19,0.55,0.5,0.37,hormonal_risk
95,69,47,18,65,13,58,0.69,0.81,0.3,0.7,healthy_trend
57,46,40,73,49,12,50,0.35,0.34,0.35521100954395907,0.73,hormonal_risk
46,82,56,83,31,10,39,0.29,0.6,0.84,0.66,hormonal_risk
81,74,73,68,41,3,11,0.31,0.85,0.17,0.65,processed_food_heavy
36,67,100,31,34,8,24,0.34,0.7,0.03,0.94,processed_food_heavy
54,37,30,68,54,11,39,0.54,0.13,0.58,0.49,hormonal_risk
90,14,47,27,75,9,40,0.87,0.0,0.0,0.0,healthy_trend
61,48,37,0,69,6,21,0.83,0.43,0.13,0.77,healthy_trend
73,18,26,57,68,11,47,0.79,0.12,0.11,0.82,healthy_trend
45,62,53,71,39,3,15,0.38,0.88,0.26471674827309116,0.23,hormonal_risk
75,51,66,28,57,8,29,0.37,0.67,0.19,0.4,balanced_user
69,19,24,32,73,4,21,0.49,0.09,0.036684705759567476,0.81,balanced_user
41,41,64,62,43,6,12,0.37,0.36,0.0,0.68,balanced_user
61,53,70,100,34,2,7,0.21,0.38,0.84,0.41,hormonal_risk
76,52,52,22,62,12,33,0.66,0.53,0.052819389351569795,0.47,balanced_user
60,100,18,24,54,4,29,0.21,1.0,0.0,0.93,toxin_risk
98,14,50,0,83,7,24,0.79,0.01,0.26,0.54,healthy_trend
42,100,35,37,42,8,35,0.41,1.0,0.05300120708889923,0.66,toxin_risk
56,49,22,30,63,18,80,0.6,0.63,0.37,0.72,healthy_trend
64,100,82,29,38,6,21,0.34,1.0,0.34,0.64,toxin_risk
54,59,38,82,43,2,5,0.33,0.61,0.3134096204524575,0.25,hormonal_risk
81,49,52,32,62,11,47,0.43,0.48,0.35,0.0,balanced_user
55,71,52,50,45,9,46,0.49,0.65,0.31,0.7,toxin_risk
46,62,56,78,37,3,9,0.15,0.78,0.65,0.69,hormonal_risk
45,71,51,30,48,4,14,0.4,0.48,0.2,0.79,toxin_risk
41,61,55,16,52,10,39,0.37,0.72,0.22,0.89,balanced_user
54,62,83,12,49,7,21,0.25,0.68,0.13,0.82,processed_food_heavy
67,52,58,12,61,7,38,0.22,0.53,0.0,0.48,toxin_risk
46,64,24,77,45,2,3,0.51,0.75,0.5170017398581178,0.69,hormonal_risk
86,30,43,56,64,14,59,0.76,0.36,0.26,0.69,balanced_user
55,69,78,54,38,4,17,0.23,0.44,0.19,0.83,processed_food_heavy
96,44,29,2,80,15,59,0.75,0.36,0.1711286976644882,0.63,healthy_trend
48,36,40,35,59,9,36,0.45,0.53,0.31,0.61,balanced_user
36,82,79,63,28,4,20,0.26,0.92,0.03,0.0,processed_food_heavy
55,83,58,83,32,11,40,0.19,0.84,0.33,0.56,hormonal_risk
61,60,71,90,35,12,57,0.45,0.53,0.93,0.28,hormonal_risk
64,79,54,0,57,8,40,0.37,0.59,0.24,0.6,toxin_risk
67,56,40,58,53,9,31,0.32,0.58,0.45,0.45,hormonal_risk
55,51,66,100,34,1,14,0.46,0.61,0.73,0.71,hormonal_risk
71,46,59,45,55,4,7,0.15,0.69,0.07,0.64,processed_food_heavy
52,100,34,48,42,6,22,0.48,0.83,0.23,0.86,toxin_risk
33,73,67,65,32,6,24,0.4,0.8,0.011824515079376182,0.84,processed_food_heavy
92,8,40,44,75,15,58,0.69,0.28,0.2,0.76,healthy_trend
61,24,0,21,79,6,22,0.58,0.35,0.17,0.64,healthy_trend
64,23,26,40,68,9,32,0.55,0.38,0.3,0.57,healthy_trend
97,31,25,24,79,13,48,0.44,0.35,0.24,0.88,balanced_user
70,65,82,20,50,4,8,0.22,0.64,0.12,0.83,processed_food_heavy
55,90,43,28,48,4,13,0.44,0.94,0.1,0.7,toxin_risk
39,37,99,58,36,6,15,0.42,0.24,0.2,0.82,processed_food_heavy
48,44,16,22,66,3,14,0.41,0.53,0.26,0.0,balanced_user
80,82,47,54,49,6,25,0.43,0.9,0.37,0.33,hormonal_risk
33,62,61,56,38,2,9,0.12,0.74,0.9,0.35,hormonal_risk
62,65,73,53,42,8,40,0.13,0.72,0.52,0.48,hormonal_risk
80,36,47,4,73,13,53,0.79,0.48,0.07,0.89,healthy_trend
61,20,19,22,75,8,32,0.77,0.34,0.0,0.85,healthy_trend
76,32,33,29,70,8,36,0.4,0.35,0.0,0.63,toxin_risk
55,24,38,37,64,9,33,0.61,0.26,0.15248182297624488,0.52,balanced_user
78,25,41,55,64,13,46,0.65,0.31,0.09574826592292081,0.0,balanced_user
48,57,65,44,45,2,1,0.26,0.63,0.7,0.51,hormonal_risk
47,64,57,34,48,8,34,0.41,0.37,0.0,0.0,toxin_risk
72,27,75,21,62,10,34,0.7,0.0,0.24,0.78,balanced_user
71,56,75,77,40,2,10,0.35,0.57,0.11,0.97,processed_food_heavy
53,49,65,19,55,3,13,0.53,0.52,0.26,0.72,toxin_risk
58,48,23,45,60,11,47,0.69,0.47,0.13,0.63,healthy_trend
55,47,84,61,40,4,13,0.34,0.53,0.15,0.77,processed_food_heavy
27,71,91,30,33,4,9,0.15,0.62,0.17,0.0,processed_food_heavy
45,88,64,61,33,7,35,0.38,0.89,0.1,0.87,processed_food_heavy
48,100,71,25,38,2,1,0.21,0.83,0.18,0.87,toxin_risk
45,94,82,63,26,6,34,0.02,0.93,0.002497491226700066,0.91,processed_food_heavy
52,95,58,26,43,2,2,0.45,0.83,0.31,0.71,toxin_risk
33,57,66,70,35,8,28,0.31,0.58,0.79,0.63,hormonal_risk
54,53,46,11,61,3,1,0.58,0.28,0.1435307092191862,0.68,balanced_user
59,76,45,11,56,10,37,0.28,0.7,0.0905039307231429,0.5,toxin_risk
100,59,91,43,51,4,26,0.08,0.46,0.12,1.0,processed_food_heavy
52,59,70,79,36,6,24,0.43,0.5,0.02,0.93,processed_food_heavy
76,66,60,100,37,3,13,0.44,0.72,0.95,0.65,hormonal_risk
70,40,24,7,74,7,31,0.73,0.42,0.3,0.75,balanced_user
57,51,47,42,54,11,47,0.51,0.68,0.0,0.92,toxin_risk
24,35,39,40,52,3,7,0.45,0.21,0.21,0.62,balanced_user
61,100,68,50,35,8,37,0.35,0.95,0.0,0.79,toxin_risk
73,22,43,7,75,1,6,0.49,0.07,0.05702184367230883,0.47,balanced_user
50,54,68,79,37,8,26,0.38,0.48,0.45,0.26,hormonal_risk
54,35,32,15,68,4,16,0.4,0.33,0.24,0.45,balanced_user
77,44,58,39,59,6,21,0.36,0.49,0.06,1.0,processed_food_heavy
20,65,88,42,31,3,11,0.2,0.47,0.18,0.96,processed_food_heavy
88,48,32,66,60,4,18,0.14,0.41,0.43,0.73,hormonal_risk
54,74,69,78,33,5,23,0.13,0.72,0.05,0.92,processed_food_heavy
45,37,61,30,54,10,39,0.26,0.24,0.037270303856441686,0.46,toxin_risk
79,58,55,64,50,6,28,0.11,0.64,0.30126898638830785,0.62,hormonal_risk
60,100,44,46,42,11,49,0.17,1.0,0.12,0.86,toxin_risk
20,42,70,62,36,5,17,0.44,0.35,0.14,0.85,processed_food_heavy
40,89,74,30,36,2,1,0.26,0.93,0.17,0.0,processed_food_heavy
79,37,65,0,69,6,24,0.71,0.26,0.11,0.41,balanced_user
72,11,40,32,72,1,6,0.5,0.12,0.03487571589550354,0.89,balanced_user
60,82,87,30,40,1,7,0.07,0.59,0.13,0.96,processed_food_heavy
88,33,54,20,70,8,26,0.63,0.44,0.08,0.73,healthy_trend
27,71,54,45,39,3,8,0.41,0.53,0.0,0.74,processed_food_heavy
69,69,66,6,57,12,42,0.94,0.85,0.33,0.56,healthy_trend
40,84,83,62,27,3,14,0.14,0.85,0.12,0.98,processed_food_heavy
43,84,30,57,43,2,9,0.18,0.93,0.27,0.78,toxin_risk
89,44,75,49,55,4,15,0.45,0.66,0.0374372696379244,0.75,balanced_user
84,63,43,1,69,8,33,0.37,0.42,0.19,0.64,balanced_user
92,44,27,25,74,7,32,0.58,0.26,0.13,0.0,healthy_trend
56,4,0,1,87,17,63,0.83,0.02,0.06341561193963793,0.57,healthy_trend
99,75,72,26,56,8,29,0.32,0.77,0.019610151831527867,0.66,processed_food_heavy
63,77,71,22,48,2,3,0.19,0.82,0.0,0.0,toxin_risk
57,22,35,42,64,3,17,0.77,0.06,0.15,0.65,balanced_user
67,26,19,35,71,16,66,0.75,0.18,0.09,0.59,healthy_trend
71,52,25,9,71,11,40,0.77,0.6,0.3,0.58,healthy_trend
53,1,34,39,69,12,54,0.89,0.0,0.3,0.53,healthy_trend
81,5,22,10,86,13,48,0.79,0.0,0.16,0.56,healthy_trend
44,88,40,49,41,2,5,0.18,0.89,0.18,0.73,toxin_risk
60,64,38,100,39,7,25,0.23,0.44,0.69,0.53,hormonal_risk
37,66,43,79,37,9,35,0.46,0.77,0.0,0.48,hormonal_risk
52,47,48,45,53,1,1,0.59,0.38,0.08,0.62,balanced_user
52,64,91,74,30,6,13,0.39,0.72,0.12,0.0,processed_food_heavy
100,27,30,0,85,13,51,0.88,0.34,0.06,0.67,healthy_trend
44,64,69,62,37,7,28,0.28,0.57,0.06,0.96,processed_food_heavy
58,81,90,49,34,1,9,0.2,0.8,0.07,0.76,processed_food_heavy
41,37,46,21,59,9,33,0.68,0.27,0.09,0.59,balanced_user
56,94,48,25,47,2,15,0.6,0.97,0.16,0.58,toxin_risk
92,21,50,29,73,9,33,0.59,0.0,0.24,0.7,healthy_trend
80,45,50,17,67,18,73,0.91,0.52,0.36,0.5,healthy_trend
47,76,52,55,41,2,12,0.49,0.62,0.34,0.85,toxin_risk
47,63,31,25,57,10,25,0.55,0.42,0.14775557687015217,0.77,balanced_user
71,53,63,92,40,11,35,0.39,0.65,0.35877461395298715,0.52,hormonal_risk
58,46,8,8,74,10,39,0.75,0.39,0.1,0.47,healthy_trend
92,52,26,5,77,10,40,0.6,0.5,0.24,0.7,healthy_trend
56,100,60,48,37,3,13,0.59,1.0,0.07,0.6,toxin_risk
64,85,53,29,49,6,21,0.58,0.81,0.08,0.9,toxin_risk
86,0,33,0,88,12,43,0.68,0.11,0.23,0.84,healthy_trend
69,47,30,100,48,11,40,0.42,0.22,0.62,0.45,hormonal_risk
44,33,32,26,63,10,46,0.57,0.11,0.06,0.43,balanced_user
78,49,54,68,51,11,37,0.1,0.59,0.32,0.35,hormonal_risk
78,46,80,100,38,9,30,0.16,0.4,0.78,0.44,hormonal_risk
26,82,76,43,31,7,28,0.2,0.82,0.0,0.62,processed_food_heavy
43,53,41,31,54,6,21,0.76,0.85,0.07,0.68,balanced_user
100,65,10,50,68,10,36,0.64,0.67,0.1,0.81,healthy_trend
51,63,62,59,41,7,33,0.34,0.58,0.0,0.94,toxin_risk
40,41,58,59,45,8,41,0.07,0.29,0.03,0.95,processed_food_heavy
30,89,100,18,30,2,6,0.13,0.94,0.02,0.97,processed_food_heavy
54,32,36,56,57,6,15,0.42,0.37,0.0,0.41,balanced_user
19,78,55,45,35,12,48,0.21,0.55,0.25,0.78,toxin_risk
86,48,56,71,52,10,36,0.72,0.4,0.13,0.57,balanced_user
66,83,74,38,42,7,28,0.33,0.78,0.34,0.77,toxin_risk
48,61,87,50,37,4,16,0.13,0.71,0.15,0.66,processed_food_heavy
70,69,21,21,64,18,69,0.61,0.5,0.18,0.56,healthy_trend
55,83,50,100,30,12,37,0.13,0.8,0.27168617195836164,0.66,hormonal_risk
76,46,39,86,51,3,7,0.37,0.66,0.1816854070487133,0.0,hormonal_risk
56,99,48,26,45,2,17,0.46,0.97,0.23,0.74,toxin_risk
62,67,53,13,57,13,45,0.47,0.69,0.02470483394098428,0.6,balanced_user
31,76,79,38,34,1,4,0.36,0.92,0.025949181224527038,0.74,processed_food_heavy
1,91,70,13,31,4,18,0.3,0.95,0.11,0.81,processed_food_heavy
41,88,46,88,29,1,4,0.17,0.85,0.31,0.29,hormonal_risk
44,83,83,100,19,9,42,0.33,0.72,0.39,0.73,hormonal_risk
73,19,43,29,70,10,39,0.61,0.12,0.31,0.74,balanced_user
11,80,90,45,24,6,28,0.39,0.96,0.1,0.92,processed_food_heavy
59,86,35,30,52,2,12,0.31,1.0,0.28,0.52,toxin_risk
78,39,35,27,69,10,43,0.37,0.47,0.0,0.83,balanced_user
38,27,55,46,52,7,20,0.54,0.34,0.06453606552992507,0.7,balanced_user
61,50,59,80,43,6,29,0.16,0.81,0.68,0.28,hormonal_risk
39,66,16,47,52,4,8,0.72,0.76,0.25,0.76,balanced_user
39,57,29,21,58,10,44,0.31,0.72,0.08,0.83,toxin_risk
30,58,45,47,45,8,31,0.21,0.4,0.05,0.82,processed_food_heavy
83,36,60,9,69,1,11,0.74,0.46,0.16,0.62,healthy_trend
30,56,36,62,44,4,16,0.29,0.4,0.33,0.55,hormonal_risk
76,62,39,77,49,2,2,0.11,0.38,0.0,0.0,hormonal_risk
64,83,88,74,29,2,1,0.1,0.74,0.19,0.85,processed_food_heavy
65,73,80,44,42,3,13,0.15,0.72,0.03,0.95,processed_food_heavy
61,20,22,58,65,7,22,0.79,0.27,0.05,0.62,balanced_user
62,50,58,10,61,10,50,0.75,0.58,0.19,0.78,balanced_user
38,79,31,41,46,4,16,0.31,0.92,0.16,0.64,toxin_risk
53,90,100,32,32,6,28,0.26,0.87,0.14,0.85,processed_food_heavy
99,22,0,9,92,14,57,0.95,0.2,0.36,0.86,healthy_trend
64,74,59,65,41,12,39,0.26,0.77,0.61,0.53,hormonal_risk
48,82,87,47,33,3,15,0.09,0.7,0.18,0.96,processed_food_heavy
58,81,46,40,47,8,39,0.42,0.74,0.22,0.71,balanced_user
64,64,50,84,41,4,12,0.3,0.74,0.79,0.55,hormonal_risk
66,56,63,73,43,11,39,0.41,0.57,0.94,0.33,hormonal_risk
59,62,54,35,52,1,9,0.42,0.48,0.07,0.72,toxin_risk
46,79,82,63,30,6,10,0.1,0.87,0.17,0.74,processed_food_heavy
71,9,34,5,80,4,8,0.59,0.17,0.17,0.69,balanced_user
91,40,33,22,74,11,43,0.69,0.47,0.11,0.51,balanced_user
77,78,63,84,38,3,7,0.51,0.79,0.5,0.71,hormonal_risk
54,59,43,21,57,15,61,0.94,0.83,0.17569439986210247,0.56,healthy_trend
37,65,39,48,46,2,4,0.21,0.47,0.26,0.61,toxin_risk
81,64,42,25,62,6,21,0.28,0.54,0.06,0.68,toxin_risk
53,58,17,30,62,5,21,0.37,0.62,0.16986114394567858,0.94,toxin_risk
63,47,68,59,47,8,27,0.42,0.51,0.17,0.72,processed_food_heavy
77,28,79,3,66,3,3,0.68,0.32,0.1,0.77,balanced_user
62,100,72,66,31,4,17,0.34,0.89,0.15,0.91,processed_food_heavy
68,62,52,94,40,7,28,0.27,0.69,0.16374662496107364,0.57,hormonal_risk
49,35,26,41,61,10,39,0.64,0.27,0.17,0.73,healthy_trend
70,68,69,97,34,9,40,0.54,0.77,0.0,0.75,hormonal_risk
64,100,69,59,34,11,43,0.5,0.91,0.14,0.49,toxin_risk
30,59,60,100,27,2,6,0.14,0.55,0.4143781270942456,0.28,hormonal_risk
76,16,35,7,79,17,68,0.78,0.41,0.06,0.53,healthy_trend
88,17,33,13,81,1,1,0.43,0.3,0.1,0.67,balanced_user
36,97,89,11,34,2,2,0.22,0.86,0.15,0.88,processed_food_heavy
84,57,47,76,51,2,4,0.49,0.53,0.46,0.33,hormonal_risk
52,69,44,27,53,3,20,0.45,0.83,0.14,0.64,balanced_user
37,57,70,22,47,9,39,0.71,0.51,0.28,0.46,balanced_user
57,62,34,7,63,11,41,0.69,0.48,0.3,0.59,healthy_trend
50,100,76,34,35,6,26,0.3,1.0,0.0,0.0,processed_food_heavy
35,74,67,66,32,11,44,0.38,0.84,0.55,0.43,hormonal_risk
49,36,80,49,46,4,16,0.43,0.21,0.09197679915326665,0.79,processed_food_heavy
57,100,83,38,34,3,20,0.29,1.0,0.2,0.83,processed_food_heavy
75,47,29,34,66,6,22,0.61,0.47,0.014771781936034201,0.66,healthy_trend
68,70,34,92,43,7,28,0.28,0.83,0.59,0.22,hormonal_risk
79,90,57,54,44,7,27,0.36,0.81,0.1,0.7,toxin_risk
82,37,63,97,46,2,5,0.16,0.26,0.37,0.35,hormonal_risk
62,33,33,72,56,9,43,0.1,0.43,0.23903802762768778,0.56,hormonal_risk
62,63,100,28,42,3,11,0.13,0.26,0.06,0.7,processed_food_heavy
0,61,46,39,38,6,28,0.53,0.86,0.21,0.91,toxin_risk
64,39,42,6,69,18,70,0.76,0.3,0.09,0.0,healthy_trend
45,24,0,11,77,7,22,0.93,0.05,0.0,0.63,healthy_trend
76,56,23,18,69,4,1,0.75,0.69,0.19,0.49,balanced_user
64,52,57,65,47,3,9,0.34,0.52,0.73,0.36,hormonal_risk
69,60,63,42,51,6,21,0.27,0.65,0.29,0.66,toxin_risk
90,9,29,25,81,8,36,0.83,0.03,0.29,0.68,healthy_trend
62,52,29,1,70,1,1,0.66,0.42,0.22,0.69,balanced_user
66,79,61,21,51,10,41,0.48,0.83,0.11,0.59,toxin_risk
59,52,100,96,27,4,17,0.34,0.54,0.18,0.72,processed_food_heavy
33,88,54,90,25,2,4,0.21,0.94,0.10814020766046581,0.4,hormonal_risk
48,57,65,87,34,3,8,0.14,0.55,0.88,0.4,hormonal_risk
58,15,67,35,60,8,34,0.47,0.32,0.059574059599557486,0.63,balanced_user
53,24,49,32,62,1,1,0.51,0.18,0.19,0.73,balanced_user
46,81,93,80,23,6,22,0.32,0.74,0.02,0.67,processed_food_heavy
17,55,77,44,35,2,12,0.28,0.54,0.0,0.0,processed_food_heavy
45,58,76,35,44,4,22,0.18,0.75,0.33,0.61,toxin_risk
55,60,88,100,26,3,6,0.11,0.64,0.0,0.29,hormonal_risk
88,34,39,18,74,7,24,0.84,0.4,0.06,0.0,healthy_trend
68,79,73,45,42,10,36,0.38,0.86,0.12,0.86,toxin_risk
49,47,15,1,71,4,18,0.72,0.55,0.31,0.71,balanced_user
29,44,68,58,39,2,5,0.22,0.4,0.09,0.87,processed_food_heavy
90,40,14,0,84,6,23,0.76,0.46,0.4,0.56,healthy_trend
100,26,24,14,84,14,63,0.62,0.17,0.27,0.72,healthy_trend
68,0,38,34,74,14,53,0.56,0.0,0.2,0.79,healthy_trend
39,100,90,38,27,7,30,0.41,0.99,0.12,0.0,processed_food_heavy
52,58,42,17,58,4,26,0.43,0.49,0.07245647008582333,0.58,balanced_user
38,97,48,61,33,10,36,0.21,0.88,0.13,0.47,toxin_risk
44,49,56,31,52,1,7,0.6,0.69,0.07,0.78,balanced_user
68,49,55,30,58,3,8,0.23,0.64,0.02100577796216488,0.7,processed_food_heavy
47,73,22,51,50,6,22,0.22,0.87,0.0,0.92,toxin_risk
56,48,25,14,67,10,43,0.72,0.44,0.07676627792058086,0.59,healthy_trend
69,97,69,47,39,9,37,0.34,1.0,0.25,0.92,toxin_risk
51,77,60,73,35,11,46,0.34,0.6,0.67,0.51,hormonal_risk
62,83,71,48,40,6,24,0.4,0.68,0.023118838538964362,0.79,processed_food_heavy
72,26,18,31,74,15,64,0.93,0.33,0.18,0.82,healthy_trend
74,27,55,39,63,14,62,0.65,0.28,0.21,0.88,healthy_trend
82,72,48,47,53,9,36,0.33,0.6,0.09,0.54,toxin_risk
28,65,63,22,44,2,8,0.2,0.57,0.07,0.72,toxin_risk
64,84,43,18,54,6,21,0.31,0.99,0.23,0.72,toxin_risk
66,43,26,75,55,3,9,0.33,0.48,0.85,0.31,hormonal_risk
78,76,85,61,39,3,7,0.14,0.8,0.74,0.6,hormonal_risk
54,87,94,28,36,8,35,0.19,0.75,0.2,0.61,toxin_risk
95,17,23,40,78,13,61,0.58,0.26,0.25,0.67,healthy_trend
85,64,44,0,69,8,33,0.8,0.53,0.39,0.51,healthy_trend
45,46,49,98,38,10,46,0.4,0.33,0.5,0.73,hormonal_risk
41,61,61,100,29,10,42,0.37,0.71,0.74,0.23,hormonal_risk
46,66,50,100,32,5,13,0.35,0.58,0.69,0.25,hormonal_risk
31,3,33,40,63,7,26,0.57,0.11,0.12,0.49,balanced_user
70,28,39,0,75,15,50,0.82,0.32,0.17,0.82,healthy_trend
42,65,46,54,44,10,43,0.23,0.77,0.0,0.74,toxin_risk
92,17,58,0,79,15,53,0.91,0.07,0.22,0.66,healthy_trend
54,99,37,18,50,8,28,0.26,0.93,0.3,0.9,toxin_risk
40,60,61,70,37,5,26,0.52,0.7,0.4,0.6,hormonal_risk
56,74,53,89,35,6,24,0.5,0.7,0.9,0.44,hormonal_risk
65,92,78,23,43,8,25,0.06,0.9,0.03,0.61,processed_food_heavy
44,62,91,52,34,5,22,0.13,0.7,0.1,0.73,processed_food_heavy
34,65,85,85,24,3,25,0.23,0.78,0.92,0.68,hormonal_risk
78,11,19,0,87,9,45,0.85,0.09,0.20933067056536298,0.54,healthy_trend
37,60,49,69,39,2,5,0.42,0.36,0.06,0.83,processed_food_heavy
68,73,67,62,41,1,11,0.25,0.79,0.12,0.94,processed_food_heavy
63,87,38,32,51,7,20,0.46,0.87,0.0,0.54,toxin_risk
69,29,48,30,65,8,26,0.42,0.19,0.09,0.56,balanced_user
56,70,100,55,32,5,16,0.15,0.96,0.04,0.84,processed_food_heavy
100,36,42,38,71,17,67,0.9,0.25,0.12,0.69,healthy_trend
58,41,57,11,62,15,67,0.9,0.45,0.35,0.72,healthy_trend
38,76,89,44,32,7,31,0.33,0.81,0.12,0.78,processed_food_heavy
67,75,38,56,49,2,7,0.16,0.59,0.29,0.84,toxin_risk
53,39,98,90,31,9,26,0.32,0.24,0.46,0.6,hormonal_risk
45,94,46,52,38,2,20,0.4,0.8,0.0,0.52,toxin_risk
70,85,50,66,42,5,18,0.13,1.0,0.17,0.8,processed_food_heavy
81,45,49,3,71,8,32,0.94,0.49,0.09958093778717345,0.74,healthy_trend
60,82,44,47,46,3,7,0.41,0.85,0.52,0.35,hormonal_risk
52,47,30,38,59,9,40,0.62,0.57,0.28,0.43,balanced_user
73,44,51,4,68,13,49,0.74,0.48,0.07624189863518957,0.68,balanced_user
22,75,57,94,24,7,29,0.12,0.84,0.91,0.62,hormonal_risk
51,60,64,100,31,4,16,0.41,0.95,0.72,0.38,hormonal_risk
63,15,42,4,75,6,28,0.66,0.22,0.13,0.65,healthy_trend
68,70,31,13,63,4,13,0.31,0.7,0.23,0.6,toxin_risk
6,54,96,16,35,6,25,0.04,0.54,0.07014923736601365,0.73,processed_food_heavy
53,100,48,46,39,9,40,0.4,1.0,0.26,0.0,toxin_risk
63,76,78,18,47,2,14,0.5,0.85,0.32,0.7,toxin_risk
62,34,75,37,54,9,33,0.37,0.19,0.08,0.73,balanced_user
84,28,46,72,59,8,35,0.14,0.07,0.2475379938350769,0.32,hormonal_risk
37,61,44,69,40,8,32,0.32,0.51,0.4398243487415143,0.54,hormonal_risk
48,38,82,68,40,7,33,0.41,0.6,0.2,0.69,processed_food_heavy
60,70,46,46,49,5,10,0.36,0.55,0.17,0.69,processed_food_heavy
72,36,55,3,69,14,62,0.61,0.3,0.07,0.6,healthy_trend
62,33,58,0,67,6,15,0.62,0.07,0.27,0.72,balanced_user
74,19,53,47,63,11,41,0.65,0.11,0.13,0.71,balanced_user
17,77,52,87,25,9,40,0.22,0.59,0.54,0.41,hormonal_risk
39,71,39,33,49,4,11,0.42,0.57,0.07,0.78,toxin_risk
33,66,53,36,44,2,7,0.37,0.75,0.18,0.79,processed_food_heavy
63,18,59,37,62,10,39,0.4,0.02,0.25,0.73,balanced_user
47,53,50,86,39,4,13,0.46,0.35,0.4618951867133304,0.58,hormonal_risk
43,64,80,67,33,2,5,0.43,0.38,0.12,0.79,processed_food_heavy
72,36,76,72,47,1,1,0.18,0.23,0.54,0.55,hormonal_risk
37,75,73,52,34,6,26,0.12,1.0,0.69,0.52,hormonal_risk
76,13,38,4,80,9,40,0.63,0.36,0.19,0.69,healthy_trend
58,13,27,0,79,12,50,0.61,0.12,0.18,0.48,healthy_trend
68,39,45,24,65,7,17,0.64,0.59,0.05,0.74,healthy_trend
45,34,56,19,59,13,55,0.6,0.37,0.3,0.72,balanced_user
36,80,33,87,34,10,37,0.19,1.0,0.0,0.31,hormonal_risk
45,56,66,49,43,7,29,0.33,0.65,0.08,0.98,processed_food_heavy
77,34,49,21,68,13,53,0.94,0.46,0.07,0.52,healthy_trend
89,25,7,7,87,18,71,0.62,0.29,0.0,0.76,healthy_trend
19,80,43,52,36,6,25,0.19,0.79,0.1,0.53,toxin_risk
87,33,36,55,65,11,40,0.3,0.31,0.64,0.62,hormonal_risk
37,51,55,89,35,9,37,0.48,0.47,0.81,0.21,hormonal_risk
32,82,38,38,43,11,45,0.5,0.98,0.29,0.75,toxin_risk
77,49,70,15,60,1,3,0.65,0.68,0.23,0.56,healthy_trend
100,0,12,13,93,9,27,0.61,0.0,0.33,0.66,healthy_trend
39,72,65,86,29,12,48,0.21,0.86,0.79,0.56,hormonal_risk
50,75,44,88,35,6,14,0.48,0.84,0.66,0.23,hormonal_risk
67,60,69,58,45,11,41,0.2,0.7,0.81,0.53,hormonal_risk
45,76,45,63,40,12,51,0.24,0.82,0.15,0.0,toxin_risk
49,40,42,100,41,12,47,0.39,0.24,0.48,0.38,hormonal_risk
61,27,52,19,65,6,20,0.47,0.36,0.02190036702139255,0.56,balanced_user
50,57,53,75,41,12,41,0.47,0.62,0.72,0.53,hormonal_risk
44,100,37,20,46,10,48,0.51,0.95,0.11,0.65,toxin_risk
79,27,50,19,70,1,1,0.41,0.2,0.15,0.52,balanced_user
79,69,42,42,56,10,43,0.51,0.75,0.0,0.78,toxin_risk
36,54,46,26,52,3,20,0.38,0.41,0.05726776197071187,0.79,balanced_user
81,39,27,14,75,2,10,0.81,0.13,0.1979331833564718,0.67,healthy_trend
57,46,52,34,56,12,49,0.67,0.61,0.29,0.5,balanced_user
31,61,52,22,49,5,25,0.52,0.73,0.23,0.63,toxin_risk
64,68,35,58,50,11,44,0.32,0.55,0.07311815739328094,0.91,toxin_risk
59,35,30,52,60,13,57,0.42,0.4,0.26,0.73,balanced_user
51,64,87,95,26,12,46,0.39,0.55,0.33,0.34,hormonal_risk
68,70,60,53,46,7,29,0.21,0.5,0.3,0.88,toxin_risk
43,100,49,19,43,6,19,0.25,0.91,0.11,0.67,toxin_risk
48,83,87,47,32,4,4,0.39,0.88,0.05,0.76,processed_food_heavy
76,41,29,57,62,4,26,0.67,0.35,0.08,0.74,balanced_user
84,19,36,1,82,13,51,0.64,0.15,0.34,0.74,balanced_user
96,41,20,21,78,7,35,0.76,0.42,0.22,0.53,healthy_trend
73,68,86,37,45,1,3,0.29,0.81,0.01,0.65,processed_food_heavy
75,43,46,21,66,3,4,0.41,0.41,0.0,0.83,balanced_user
74,37,6,10,80,12,45,0.68,0.47,0.38,0.86,healthy_trend
75,32,22,20,75,12,48,0.76,0.31,0.06779253333718276,0.7,healthy_trend
33,68,44,82,34,7,29,0.47,0.56,0.73,0.41,hormonal_risk
51,87,53,76,33,8,35,0.52,0.84,0.4,0.59,hormonal_risk
50,81,100,40,32,2,12,0.24,0.94,0.08,0.86,processed_food_heavy
46,92,47,53,38,3,8,0.39,0.97,0.27,0.95,toxin_risk
36,55,100,25,39,4,7,0.12,0.2,0.0,0.89,processed_food_heavy
67,50,71,100,36,7,30,0.31,0.59,0.86,0.61,hormonal_risk
77,57,26,0,73,2,5,0.65,0.75,0.34,0.76,balanced_user
28,64,85,37,35,7,20,0.39,0.44,0.0,0.62,processed_food_heavy
72,90,73,25,46,3,8,0.56,1.0,0.31,0.6,toxin_risk
41,75,18,81,41,10,55,0.31,0.72,0.15398287230141147,0.34,hormonal_risk
21,67,84,13,39,2,4,0.05,0.72,0.17,0.97,processed_food_heavy
35,40,100,51,36,8,29,0.29,0.42,0.06,0.94,processed_food_heavy
70,26,20,42,70,3,3,0.66,0.33,0.25,0.6,healthy_trend
85,42,38,29,69,14,53,0.7,0.45,0.12,0.42,balanced_user
35,78,100,40,29,5,14,0.27,0.79,0.08,0.0,processed_food_heavy
65,54,62,97,38,12,54,0.19,0.55,0.61,0.0,hormonal_risk
55,58,35,34,57,3,9,0.7,0.55,0.09,0.42,balanced_user
64,92,53,48,42,3,7,0.48,0.87,0.25,0.54,toxin_risk
38,70,19,93,39,4,22,0.33,0.58,0.61,0.0,hormonal_risk
86,38,34,24,72,6,16,0.85,0.33,0.34,0.77,healthy_trend
44,100,100,41,25,2,15,0.05,0.93,0.19,0.8,processed_food_heavy
34,78,97,60,24,7,37,0.37,0.81,0.0,0.88,processed_food_heavy
57,84,64,63,36,4,23,0.39,0.72,0.31996032882998243,0.46,hormonal_risk
56,63,47,76,42,4,15,0.21,0.5,0.3054562774527107,0.72,hormonal_risk
47,45,56,34,53,4,16,0.32,0.28,0.07,0.95,processed_food_heavy
45,39,36,21,62,12,49,0.44,0.31,0.08,0.75,toxin_risk
69,69,38,32,57,12,48,0.17,0.77,0.0,0.0,toxin_risk
52,100,35,43,43,1,1,0.48,1.0,0.21,0.6,toxin_risk
58,61,98,72,31,5,21,0.11,0.54,0.03150503226093112,1.0,processed_food_heavy
52,77,52,97,31,11,51,0.48,0.71,0.3032612892461613,0.65,hormonal_risk
54,89,47,13,51,3,22,0.24,0.93,0.17,0.46,toxin_risk
50,79,38,100,33,3,16,0.49,1.0,0.57,0.58,hormonal_risk
62,39,40,16,66,1,3,0.87,0.29,0.3,0.59,healthy_trend
37,64,45,37,47,3,20,0.29,0.64,0.03869357562836365,0.8,toxin_risk
71,62,83,54,43,3,15,0.39,0.6,0.13,0.83,processed_food_heavy
62,30,35,39,64,12,47,0.69,0.18,0.09568835143093231,0.72,balanced_user
67,47,75,39,51,5,21,0.17,0.38,0.16,0.84,processed_food_heavy
54,79,47,57,42,10,42,0.51,0.87,0.0,0.69,hormonal_risk
53,49,52,31,55,7,24,0.25,0.34,0.07796891975206591,0.49,toxin_risk
72,11,31,0,82,11,46,0.73,0.06,0.06303268097830225,0.72,healthy_trend
26,86,29,27,46,9,49,0.59,0.94,0.052047811254020214,0.74,toxin_risk
57,10,80,13,63,13,44,0.58,0.13,0.24,0.8,balanced_user
53,100,74,98,20,4,8,0.2,0.86,0.0,0.75,hormonal_risk
5,59,96,39,27,6,32,0.09,0.48,0.06,0.77,processed_food_heavy
79,47,0,11,80,10,40,0.56,0.55,0.1,0.56,healthy_trend
36,59,17,19,60,9,33,0.27,0.44,0.0,0.86,toxin_risk
95,49,33,23,72,18,78,0.83,0.47,0.34,0.8,healthy_trend
82,83,80,60,39,4,13,0.11,0.79,0.19,1.0,processed_food_heavy
66,69,94,50,38,5,24,0.11,0.71,0.16,0.86,processed_food_heavy
46,57,67,12,52,9,31,0.74,0.7,0.23,0.73,balanced_user
61,82,60,61,39,5,24,0.37,0.65,0.32,0.75,hormonal_risk
52,48,90,44,42,7,21,0.25,0.43,0.11,0.99,processed_food_heavy
88,96,59,58,43,8,25,0.55,0.7,0.14,0.66,toxin_risk
44,92,71,79,25,6,23,0.45,0.95,0.87,0.48,hormonal_risk
67,78,76,45,42,3,14,0.55,1.0,0.08,0.77,toxin_risk
66,35,17,27,71,7,25,0.77,0.22,0.12321326094030681,0.72,healthy_trend
54,42,67,61,46,2,7,0.07,0.45,0.12,0.79,processed_food_heavy
68,85,55,30,49,7,34,0.25,0.83,0.29,0.0,toxin_risk
69,38,33,15,70,7,33,0.88,0.11,0.18,0.76,healthy_trend
67,56,41,0,67,6,23,0.56,0.68,0.0,0.8,balanced_user
58,52,68,21,54,11,46,0.51,0.45,0.33,0.66,balanced_user
50,54,79,70,36,12,48,0.31,0.32,0.65,0.33,hormonal_risk
64,60,59,46,49,8,29,0.32,0.52,0.0,0.79,processed_food_heavy
57,54,100,27,44,7,33,0.08,0.38,0.18,0.9,processed_food_heavy
50,67,85,81,29,1,12,0.36,0.58,0.15,0.79,processed_food_heavy
64,46,35,69,53,6,21,0.56,0.24,0.09,0.56,toxin_risk
99,25,42,20,78,14,59,0.53,0.26,0.08,0.74,balanced_user
60,68,18,22,63,9,37,0.62,0.37,0.24,0.64,balanced_user
64,69,55,26,53,8,31,0.52,0.72,0.0,0.56,toxin_risk
71,73,54,15,57,8,26,0.56,0.97,0.15,0.72,balanced_user
82,45,14,6,79,6,25,0.74,0.62,0.14,0.66,healthy_trend
50,77,71,21,45,3,9,0.56,0.84,0.19,0.68,toxin_risk
68,77,66,93,33,11,38,0.31,0.64,0.82,0.39,hormonal_risk
70,55,94,52,42,3,14,0.05,0.76,0.08,0.81,processed_food_heavy
100,42,50,44,66,18,68,0.59,0.22,0.36,0.48,healthy_trend
47,93,46,42,41,7,25,0.31,0.57,0.0,0.81,toxin_risk
57,57,5,25,67,8,28,0.8,0.57,0.35,0.7,balanced_user
82,87,19,41,58,2,12,0.46,0.68,0.25,0.71,toxin_risk
100,44,39,0,79,6,24,0.59,0.47,0.08,0.69,balanced_user
59,94,35,34,49,12,52,0.53,0.81,0.24,0.74,toxin_risk
86,0,12,41,83,1,1,0.67,0.16,0.06701488567395884,0.61,healthy_trend
50,26,32,10,70,14,55,0.68,0.38,0.3,0.41,balanced_user
30,53,45,27,51,2,7,0.49,0.56,0.26,0.88,toxin_risk
73,59,53,13,62,2,6,0.2,0.5,0.25,0.47,toxin_risk
48,78,49,40,45,4,15,0.27,0.45,0.2,0.7,toxin_risk
75,51,37,26,65,8,35,0.69,0.5,0.11,0.84,healthy_trend
100,6,32,61,75,14,51,0.64,0.02,0.07222860073608436,0.0,healthy_trend
71,64,66,92,37,7,28,0.11,0.61,0.73,0.0,hormonal_risk
67,84,100,24,39,2,17,0.11,0.72,0.09,0.66,processed_food_heavy
80,100,42,34,51,8,29,0.24,1.0,0.32,0.62,toxin_risk
63,56,89,81,34,3,13,0.33,0.6,0.71,0.42,hormonal_risk
66,53,30,70,53,11,40,0.52,0.7,0.0,0.6,hormonal_risk
50,34,63,82,42,10,31,0.46,0.25,0.56,0.47,hormonal_risk
38,84,56,65,33,7,28,0.1,0.93,0.47,0.38,hormonal_risk
75,44,53,20,64,6,25,0.53,0.46,0.22,0.68,balanced_user
68,77,56,37,49,8,29,0.12,0.66,0.11,0.62,processed_food_heavy
55,53,58,100,36,2,11,0.38,0.44,0.41,0.6,hormonal_risk
78,43,18,51,66,7,31,0.43,0.53,0.49,0.6,hormonal_risk
40,76,50,95,29,6,18,0.13,0.64,0.35202612134839845,0.49,hormonal_risk
39,79,54,36,42,8,27,0.43,0.77,0.1,0.75,processed_food_heavy
83,64,45,75,49,6,19,0.47,0.59,0.95,0.51,hormonal_risk
70,93,40,43,48,12,55,0.41,1.0,0.1,0.67,toxin_risk
62,57,61,68,44,2,14,0.38,0.55,0.64,0.3,hormonal_risk
92,35,49,0,77,2,5,0.62,0.41,0.37,0.54,healthy_trend
77,12,73,28,66,18,70,0.61,0.07,0.25,0.46,healthy_trend
70,50,43,30,61,5,24,0.79,0.43,0.1,0.84,balanced_user
85,21,41,45,69,17,68,0.75,0.0,0.38,0.78,healthy_trend
37,62,65,62,37,1,7,0.17,0.69,0.05,0.88,processed_food_heavy
62,22,26,15,74,15,52,0.56,0.33,0.08149406872839761,0.58,healthy_trend
66,79,68,27,48,1,1,0.19,0.79,0.09,0.62,toxin_risk
83,31,15,0,84,13,55,0.81,0.32,0.049341553664130025,0.0,healthy_trend
51,52,60,23,54,7,26,0.49,0.6,0.3,0.71,balanced_user
98,35,43,43,69,14,47,0.94,0.53,0.32,0.58,healthy_trend
64,62,87,18,49,6,35,0.07,0.65,0.19,0.88,processed_food_heavy
100,30,14,16,85,12,53,0.83,0.32,0.14,0.73,healthy_trend
55,99,59,84,28,2,6,0.55,1.0,0.36,0.0,hormonal_risk
59,53,50,48,52,4,6,0.44,0.71,0.13,0.57,toxin_risk
30,100,59,32,34,7,33,0.16,0.92,0.13,0.69,toxin_risk
60,80,41,90,37,8,29,0.5,0.63,0.94,0.0,hormonal_risk
70,92,18,63,49,7,37,0.29,0.8,0.92,0.28,hormonal_risk
65,61,41,100,40,3,13,0.31,0.74,0.85,0.41,hormonal_risk
45,88,54,100,25,8,35,0.55,1.0,0.91,0.6,hormonal_risk
82,33,50,56,60,8,31,0.42,0.38,0.16,0.82,balanced_user
34,92,100,37,26,2,15,0.4,1.0,0.06,0.96,processed_food_heavy
60,47,45,36,58,5,11,0.27,0.35,0.0,0.59,toxin_risk
38,100,64,59,28,3,13,0.29,1.0,0.19,0.68,processed_food_heavy
32,82,61,46,35,3,9,0.37,0.72,0.16,0.0,toxin_risk
49,64,46,22,54,10,34,0.37,0.7,0.3,0.67,balanced_user
66,56,19,19,68,9,34,0.78,0.81,0.16162719569974973,0.82,healthy_trend
27,43,81,20,45,5,26,0.36,0.44,0.12,0.97,processed_food_heavy
48,92,58,28,42,8,22,0.44,0.8,0.0,0.77,toxin_risk
52,24,29,33,66,9,37,0.72,0.35,0.07,0.58,balanced_user
96,27,18,18,83,13,56,0.57,0.54,0.1216610646052065,0.79,healthy_trend
88,81,26,69,53,4,17,0.11,0.94,0.89,0.53,hormonal_risk
100,24,18,10,87,8,40,0.73,0.32,0.15324130667087887,0.77,healthy_trend
58,64,44,36,53,7,23,0.38,0.48,0.13929352124685723,0.94,toxin_risk
81,48,0,16,79,16,70,0.76,0.51,0.34,0.0,healthy_trend
71,7,29,37,74,3,7,0.57,0.05,0.030042937658802078,0.68,healthy_trend
38,76,94,56,28,1,3,0.09,0.65,0.17,0.79,processed_food_heavy
65,54,46,82,45,7,24,0.52,0.63,0.89,0.36,hormonal_risk
52,69,53,60,42,3,5,0.17,0.9,0.41,0.35,hormonal_risk
40,68,38,100,33,11,34,0.27,0.58,0.0,0.61,hormonal_risk
49,54,16,30,62,1,1,0.71,0.41,0.07,0.82,balanced_user
84,45,20,12,76,6,31,0.75,0.64,0.39,0.72,healthy_trend
70,34,58,29,62,11,41,0.47,0.27,0.33,0.87,balanced_user
98,32,54,31,70,12,52,0.66,0.36,0.07,0.76,balanced_user
96,23,30,8,83,7,34,0.67,0.14,0.19,0.0,healthy_trend
81,56,86,69,42,4,15,0.29,0.53,0.03,0.0,processed_food_heavy
58,71,22,100,41,5,18,0.45,0.6,0.62,0.39,hormonal_risk
56,40,66,91,39,3,10,0.34,0.31,0.72,0.6,hormonal_risk
57,23,19,33,70,16,58,0.9,0.1,0.15,0.0,healthy_trend
92,67,31,19,68,2,6,0.44,0.54,0.09,0.6,balanced_user
22,49,79,60,33,6,25,0.29,0.48,0.005208812888453382,0.79,processed_food_heavy
74,45,73,67,47,5,18,0.49,0.54,0.66,0.3,hormonal_risk
97,56,37,61,60,3,12,0.22,0.51,0.0,0.75,hormonal_risk
73,26,45,21,70,4,6,0.79,0.29,0.28,0.74,balanced_user
44,59,73,69,35,6,19,0.44,0.59,0.17,0.71,processed_food_heavy
38,70,41,48,44,9,39,0.57,0.68,0.14,0.0,toxin_risk
49,41,38,78,48,6,27,0.3,0.5,0.92,0.63,hormonal_risk
100,56,62,31,62,2,14,0.48,0.49,0.15,0.92,toxin_risk
49,74,79,56,35,8,24,0.22,0.95,0.017561124357233747,0.69,processed_food_heavy
55,70,62,100,30,5,15,0.3,0.8,0.20748088007084126,0.48,hormonal_risk
65,63,52,36,53,2,3,0.57,0.84,0.27,0.0,toxin_risk
66,45,5,28,72,13,56,0.94,0.52,0.04717592353475753,0.56,healthy_trend
62,64,47,10,60,11,34,0.49,0.45,0.27,0.54,balanced_user
38,27,67,96,37,11,44,0.43,0.46,0.1859803678632529,0.6,hormonal_risk
25,99,100,65,15,7,32,0.44,1.0,0.0,0.7,processed_food_heavy
53,37,13,22,70,13,62,0.95,0.48,0.17,0.87,healthy_trend
81,44,42,17,69,8,27,0.59,0.46,0.28,0.58,balanced_user
76,85,66,0,56,10,43,0.81,0.94,0.0,0.88,healthy_trend
51,65,15,48,55,9,34,0.56,0.65,0.06162529606681575,0.73,toxin_risk
80,37,32,37,68,2,17,0.46,0.27,0.06,0.65,toxin_risk
53,91,37,31,48,5,17,0.47,0.83,0.22,0.78,toxin_risk
38,89,54,29,41,11,37,0.29,0.93,0.19,0.53,toxin_risk
62,0,29,7,81,11,43,0.59,0.0,0.06600431027874462,0.78,healthy_trend
69,45,45,98,45,3,18,0.52,0.66,0.2321520544665587,0.63,hormonal_risk
52,53,66,77,39,3,20,0.49,0.53,0.35705585205744284,0.53,hormonal_risk
69,64,13,42,62,10,36,0.32,0.8,0.07,0.56,toxin_risk
47,100,67,17,40,9,31,0.36,1.0,0.23,0.57,toxin_risk
60,82,48,99,32,3,13,0.52,0.97,0.78,0.67,hormonal_risk
60,96,62,41,40,5,18,0.2,0.91,0.09,0.87,toxin_risk
60,44,35,44,59,12,57,0.7,0.32,0.13,0.79,balanced_user
82,49,20,25,72,2,13,0.88,0.55,0.114802744673632,0.7,healthy_trend
40,77,64,52,36,3,11,0.26,0.81,0.04,0.94,processed_food_heavy
96,54,37,82,55,5,15,0.26,0.52,0.34,0.0,hormonal_risk
31,61,50,39,45,4,6,0.21,0.65,0.013421292512561207,0.0,processed_food_heavy
98,5,27,0,91,11,42,0.86,0.05,0.1359057939748286,0.61,healthy_trend
56,65,86,45,40,2,7,0.02,0.6,0.13,0.72,processed_food_heavy
52,52,70,80,37,4,17,0.2,0.62,0.14,0.92,processed_food_heavy
34,67,57,44,41,1,1,0.26,0.85,0.21,0.83,toxin_risk
45,31,81,49,46,6,26,0.1,0.19,0.0,0.75,processed_food_heavy
52,67,21,77,46,6,20,0.12,0.49,0.21772369490335125,0.53,hormonal_risk
49,76,61,29,45,2,12,0.32,0.9,0.06,0.65,processed_food_heavy
74,53,55,33,58,5,20,0.66,0.55,0.21,0.72,balanced_user
67,77,53,29,52,6,21,0.35,0.68,0.32,0.78,toxin_risk
57,30,22,31,68,3,11,0.71,0.25,0.10874404951533616,0.72,balanced_user
84,29,30,14,77,18,70,0.65,0.35,0.24,0.66,healthy_trend
59,87,49,100,30,6,19,0.41,0.88,0.37,0.45,hormonal_risk
81,78,83,77,35,12,46,0.36,0.67,0.57,0.43,hormonal_risk
75,44,58,19,63,7,31,0.54,0.46,0.26,0.67,balanced_user
100,67,40,57,59,10,45,0.49,0.81,0.13,0.76,toxin_risk
77,86,60,12,54,3,8,0.24,0.87,0.3,0.56,toxin_risk
89,0,34,34,80,1,1,0.8,0.12,0.13,0.52,healthy_trend
65,58,94,53,40,8,36,0.1,0.39,0.0,0.92,processed_food_heavy
19,71,50,44,38,9,43,0.46,0.72,0.26,0.89,toxin_risk
64,67,24,20,63,6,23,0.79,0.6,0.1,0.74,balanced_user
62,74,37,30,55,3,7,0.64,0.91,0.3,0.49,balanced_user
43,68,61,40,43,3,17,0.41,0.57,0.04179163539016312,0.87,processed_food_heavy
51,72,76,42,40,3,16,0.55,0.97,0.19,0.83,toxin_risk
34,62,35,16,55,3,9,0.63,0.67,0.1,0.77,balanced_user
84,79,21,73,52,10,41,0.12,0.71,0.76,0.32,hormonal_risk
62,34,41,47,60,2,7,0.89,0.21,0.06626895323473117,0.51,healthy_trend
68,55,27,85,50,10,42,0.17,0.55,0.94,0.63,hormonal_risk
71,39,62,32,59,8,36,0.75,0.39,0.23,0.51,balanced_user
54,77,66,14,49,5,15,0.27,0.94,0.07395614824214645,0.0,toxin_risk
71,100,55,22,48,11,32,0.55,0.94,0.31,0.84,toxin_risk
89,52,64,0,68,10,45,0.5,0.5,0.11873440564400035,0.48,balanced_user
77,63,28,0,71,8,27,0.56,0.69,0.34,0.78,healthy_trend
70,90,35,60,46,7,22,0.7,0.92,0.12,0.76,balanced_user
36,68,60,38,42,5,17,0.35,0.67,0.12,0.65,processed_food_heavy
40,62,80,65,33,5,18,0.15,0.72,0.12,0.85,processed_food_heavy
96,28,33,0,83,10,42,0.6,0.35,0.12,0.45,healthy_trend
79,38,26,4,77,1,4,0.84,0.53,0.38,0.68,healthy_trend
48,70,67,83,32,3,12,0.32,0.74,0.0,0.64,hormonal_risk
75,36,46,19,68,10,35,0.46,0.42,0.1,0.82,balanced_user
68,64,45,65,48,11,50,0.51,0.61,0.68,0.66,hormonal_risk
69,46,27,13,70,8,32,0.62,0.51,0.16,0.73,balanced_user
100,87,55,37,55,7,25,0.59,0.85,0.17,0.47,toxin_risk
91,13,47,16,78,1,3,0.44,0.3,0.053557331966922334,0.42,balanced_user
91,35,29,22,76,3,13,0.85,0.36,0.24,0.72,healthy_trend
84,43,33,24,71,8,32,0.66,0.54,0.38,0.68,healthy_trend
31,47,100,62,30,6,31,0.32,0.38,0.04,0.0,processed_food_heavy
62,89,59,33,45,2,8,0.49,0.99,0.2,0.74,toxin_risk
40,49,57,86,37,7,17,0.18,0.59,0.41,0.2,hormonal_risk
48,61,76,62,37,4,11,0.37,0.77,0.02,0.76,processed_food_heavy
75,78,60,62,43,7,29,0.31,0.78,0.0,0.78,processed_food_heavy
82,25,14,29,78,1,1,0.44,0.08,0.19,0.0,balanced_user
70,41,24,59,61,11,42,0.15,0.37,0.41,0.43,hormonal_risk
69,96,0,8,66,2,1,0.44,1.0,0.32,0.7,toxin_risk
55,83,48,89,33,9,36,0.45,0.91,0.14,0.82,toxin_risk
69,20,35,31,70,14,59,0.77,0.26,0.09,0.56,balanced_user
95,7,11,0,94,9,36,0.67,0.0,0.25,0.52,healthy_trend
59,45,44,86,46,5,26,0.17,0.34,0.67,0.68,hormonal_risk
81,47,49,18,66,3,6,0.37,0.47,0.15,0.77,balanced_user
58,0,66,30,65,1,6,0.78,0.0,0.3,0.46,balanced_user
58,66,74,97,30,8,31,0.19,0.56,0.78,0.21,hormonal_risk
76,46,41,92,49,9,38,0.21,0.38,0.038290369650048235,0.83,toxin_risk
44,60,40,22,55,10,42,0.38,0.57,0.32,0.44,balanced_user
54,57,42,100,38,2,9,0.47,0.53,0.89,0.63,hormonal_risk
61,72,42,35,53,10,29,0.42,0.64,0.07,0.71,toxin_risk
92,29,62,49,63,6,22,0.49,0.38,0.34,0.79,balanced_user
66,69,43,78,44,7,28,0.53,0.65,0.77,0.62,hormonal_risk
84,20,34,11,79,6,19,0.62,0.2,0.39,0.59,healthy_trend
65,55,29,92,47,2,8,0.51,0.53,0.0,0.5,hormonal_risk
51,69,43,39,50,4,19,0.2,0.6,0.44,0.48,hormonal_risk
63,70,71,42,45,5,10,0.18,0.89,0.19,0.71,processed_food_heavy
60,43,61,54,50,11,33,0.2,0.42,0.34,0.77,toxin_risk
60,39,37,19,66,3,14,0.8,0.45,0.0695769427327062,0.56,balanced_user
47,57,49,61,45,3,9,0.04,0.42,0.08,0.86,processed_food_heavy
68,61,33,17,64,16,68,0.59,0.81,0.3,0.74,healthy_trend
56,22,13,39,70,6,28,0.78,0.36,0.35,0.81,balanced_user
51,78,17,62,48,9,38,0.23,0.78,0.14,0.61,toxin_risk
78,70,56,62,47,2,14,0.5,0.74,0.92,0.49,hormonal_risk
60,76,40,45,49,1,1,0.58,0.7,0.0,0.74,balanced_user
100,61,49,40,62,14,70,0.92,0.55,0.19,0.0,healthy_trend
36,46,24,9,64,14,54,0.59,0.48,0.22,0.0,healthy_trend
57,63,76,87,32,7,31,0.3,0.34,0.5,0.68,hormonal_risk
15,49,82,32,38,7,33,0.42,0.63,0.027083775874796125,0.83,processed_food_heavy
64,33,36,51,61,10,43,0.78,0.27,0.39,0.0,healthy_trend
21,74,86,33,32,3,13,0.02,0.58,0.005638358558083834,0.99,processed_food_heavy
89,55,40,31,65,3,12,0.57,0.61,0.05,0.74,balanced_user
56,63,60,29,51,8,32,0.55,0.39,0.11,0.92,toxin_risk
63,43,71,9,60,7,27,0.52,0.41,0.09,0.72,balanced_user
75,100,56,43,44,3,10,0.21,0.85,0.0,0.89,toxin_risk
73,60,52,49,53,6,22,0.44,0.8,0.36,0.54,hormonal_risk
71,51,23,16,70,14,52,0.47,0.53,0.0,0.87,balanced_user
64,100,85,26,38,12,49,0.18,1.0,0.25,0.88,toxin_risk
55,83,30,21,55,6,22,0.25,1.0,0.08741492372903274,0.82,toxin_risk
63,79,68,36,45,6,23,0.1,0.97,0.13,0.66,processed_food_heavy
78,25,0,39,78,15,54,0.6,0.42,0.1038189972466579,0.74,healthy_trend
41,53,45,88,38,3,7,0.16,0.56,0.83,0.74,hormonal_risk
58,76,44,31,51,3,6,0.25,0.73,0.19,0.73,toxin_risk
38,57,38,31,53,3,10,0.77,0.46,0.2,0.87,balanced_user
65,100,45,48,43,4,19,0.23,1.0,0.19,0.5,toxin_risk
86,46,31,16,73,17,65,0.79,0.44,0.15,0.61,healthy_trend
31,82,76,35,34,7,23,0.15,0.91,0.03644808922040347,0.76,processed_food_heavy
41,95,100,21,31,9,37,0.4,0.85,0.04140351854049212,0.0,toxin_risk
42,54,40,17,57,9,35,0.47,0.61,0.0,0.0,toxin_risk
52,84,63,30,43,6,19,0.52,0.69,0.16,0.0,balanced_user
56,92,64,29,42,5,15,0.1,0.86,0.04,0.0,processed_food_heavy
70,28,42,31,67,12,46,0.47,0.22,0.0,0.49,balanced_user
96,56,0,13,81,13,51,0.7,0.53,0.0,0.87,healthy_trend
44,53,63,49,44,2,12,0.22,0.55,0.83,0.72,hormonal_risk
98,15,20,0,90,13,49,0.75,0.15,0.31,0.67,healthy_trend
59,97,63,72,31,3,5,0.27,0.74,0.41,0.0,hormonal_risk
55,21,8,18,77,16,73,0.75,0.12,0.24,0.45,healthy_trend
47,85,25,47,47,11,49,0.25,0.75,0.033351591996521004,0.89,toxin_risk
53,90,74,48,35,8,35,0.04,0.98,0.18,0.0,processed_food_heavy
35,69,83,49,33,1,1,0.37,0.67,0.02,1.0,processed_food_heavy
51,61,35,36,54,11,50,0.35,0.55,0.016213591655073547,0.0,toxin_risk
25,71,38,54,40,7,27,0.21,0.73,0.11,0.56,toxin_risk
23,100,55,5,40,6,26,0.54,1.0,0.29,0.59,toxin_risk
47,64,38,17,57,3,12,0.32,0.57,0.06,0.83,toxin_risk
67,26,26,24,72,16,58,0.67,0.33,0.14,0.46,healthy_trend
71,56,61,54,50,2,16,0.56,0.6,0.16336793930059226,0.82,toxin_risk
82,41,21,37,70,11,32,0.88,0.24,0.11,0.45,healthy_trend
84,79,39,37,57,3,5,0.29,0.76,0.29,0.77,toxin_risk
40,60,89,51,35,8,23,0.33,0.62,0.03,0.66,processed_food_heavy
45,59,28,25,58,11,49,0.45,0.63,0.09,0.0,balanced_user
38,27,50,0,65,2,12,0.57,0.48,0.05950580976024289,0.41,balanced_user
74,24,63,6,70,7,30,0.72,0.19,0.12,0.68,healthy_trend
79,57,53,27,60,4,5,0.47,0.31,0.24,0.75,balanced_user
70,60,65,23,55,6,21,0.55,0.53,0.14,0.81,toxin_risk
70,4,6,30,82,7,33,0.72,0.08,0.05004588174792601,0.83,healthy_trend
18,90,39,29,40,7,20,0.57,0.92,0.14,0.94,toxin_risk
59,29,54,33,60,11,41,0.74,0.42,0.17,0.67,balanced_user
55,64,44,37,52,11,38,0.23,0.75,0.79,0.5,hormonal_risk
43,42,77,57,41,2,5,0.03,0.62,0.0477837191785021,0.94,processed_food_heavy
58,72,60,42,46,11,46,0.24,0.72,0.35,0.92,toxin_risk
83,33,42,38,67,9,32,0.76,0.33,0.1,0.54,balanced_user
60,62,67,98,33,6,21,0.44,0.54,0.0,0.27,hormonal_risk
49,56,93,45,38,7,28,0.21,0.84,0.1,0.92,processed_food_heavy
47,57,52,21,54,10,35,0.66,0.6,0.19,0.69,balanced_user
29,16,38,40,58,13,61,0.75,0.01,0.14,0.45,balanced_user
57,80,41,32,51,7,36,0.28,0.81,0.07,0.88,toxin_risk
31,48,41,25,54,14,56,0.51,0.59,0.22,0.44,balanced_user
30,79,40,30,45,10,38,0.15,0.64,0.14,0.87,toxin_risk
76,43,59,6,67,15,60,0.61,0.42,0.35,0.49,healthy_trend
85,38,61,32,63,2,13,0.55,0.38,0.0,0.88,balanced_user
44,68,81,44,37,5,14,0.14,0.56,0.014567795577093317,0.0,processed_food_heavy
42,32,78,59,43,3,4,0.44,0.33,0.05,0.96,processed_food_heavy
71,56,19,53,60,10,38,0.54,0.54,0.6,0.54,hormonal_risk
67,15,25,40,71,17,71,0.58,0.14,0.08,0.83,healthy_trend
75,70,49,12,61,7,20,0.59,0.75,0.32,0.57,toxin_risk
75,3,32,8,83,15,53,0.84,0.07,0.0,0.73,healthy_trend
50,100,38,55,39,4,22,0.26,0.97,0.17,0.62,toxin_risk
39,69,56,95,29,6,19,0.26,0.69,0.3,0.27,hormonal_risk
26,70,95,35,31,6,24,0.35,0.65,0.09,0.91,processed_food_heavy
47,53,61,19,53,6,23,0.2,0.67,0.28,0.62,toxin_risk
55,32,47,0,69,14,53,0.79,0.59,0.16,0.76,balanced_user
30,64,90,50,31,2,14,0.2,0.79,0.19,0.69,processed_food_heavy
75,100,46,43,46,12,50,0.26,1.0,0.27,0.92,toxin_risk
73,83,60,48,45,9,35,0.42,1.0,0.18,0.0,toxin_risk
69,49,42,59,54,6,27,0.2,0.43,0.55,0.53,hormonal_risk
72,33,52,31,64,3,14,0.69,0.34,0.09,0.67,healthy_trend
44,84,94,73,23,8,34,0.13,0.69,0.006949549484806285,0.66,processed_food_heavy
67,20,47,29,67,16,63,0.78,0.04,0.08141671408822757,0.61,healthy_trend
66,55,32,76,50,2,10,0.14,0.62,0.84,0.53,hormonal_risk
51,66,54,44,46,5,23,0.33,0.59,0.39289501077741656,0.69,hormonal_risk
30,49,47,35,49,13,52,0.72,0.58,0.23,0.75,balanced_user
97,55,51,0,72,10,45,0.6,0.42,0.22,0.78,balanced_user
82,89,39,46,52,6,24,0.16,0.71,0.24,0.94,toxin_risk
59,70,55,53,45,1,3,0.31,0.76,0.18,0.49,toxin_risk
99,61,4,23,77,16,62,0.72,0.57,0.14,0.84,healthy_trend
73,68,71,22,53,5,26,0.12,0.45,0.11,0.8,processed_food_heavy
21,85,76,83,19,7,17,0.53,0.78,0.85,0.4,hormonal_risk
53,75,77,78,30,8,33,0.39,0.77,0.06,0.93,processed_food_heavy
61,84,66,54,39,1,4,0.28,0.96,0.03,0.66,processed_food_heavy
54,44,41,15,63,9,40,0.7,0.41,0.05,0.0,balanced_user
100,35,17,3,86,7,38,0.71,0.5,0.08154889542071833,0.81,healthy_trend
69,14,64,18,68,10,34,0.73,0.12,0.27,0.76,healthy_trend
33,83,51,30,42,10,41,0.17,0.73,0.07,0.0,toxin_risk
54,85,46,53,42,12,47,0.58,0.85,0.06,0.47,toxin_risk
44,66,56,34,47,5,23,0.09,0.62,0.07,0.99,processed_food_heavy
83,43,13,11,79,6,18,0.93,0.39,0.4,0.0,healthy_trend
63,53,42,39,57,6,19,0.79,0.56,0.33,0.42,balanced_user
74,32,34,0,77,18,78,0.73,0.25,0.29,0.8,healthy_trend
49,78,65,38,42,4,14,0.12,0.82,0.04,1.0,processed_food_heavy
85,91,72,19,50,3,3,0.37,0.92,0.19,0.82,toxin_risk
82,47,44,27,66,7,33,0.78,0.41,0.32,0.55,healthy_trend
40,75,89,34,35,7,33,0.12,0.81,0.2,0.99,processed_food_heavy
52,31,45,37,59,4,22,0.67,0.33,0.15,0.88,balanced_user
72,57,54,81,45,9,45,0.33,0.52,0.33686272091574027,0.37,hormonal_risk
39,59,61,80,34,6,18,0.35,0.78,0.4015038443738775,0.46,hormonal_risk
85,39,34,38,68,1,12,0.8,0.37,0.08,0.54,balanced_user
70,47,48,58,54,9,29,0.92,0.49,0.15,0.7,healthy_trend
90,38,41,0,77,11,42,0.91,0.54,0.13,0.58,healthy_trend
46,61,66,84,33,6,21,0.3,0.67,0.37,0.29,hormonal_risk
59,58,47,0,63,5,13,0.59,0.71,0.11,0.78,balanced_user
45,49,53,70,43,3,7,0.14,0.58,0.19730833157096908,0.71,hormonal_risk
21,54,51,48,42,5,23,0.35,0.71,0.024624270057333007,0.64,processed_food_heavy
41,88,44,85,31,2,9,0.24,0.74,0.42,0.66,hormonal_risk
65,48,95,50,43,6,21,0.05,0.13,0.16,0.99,processed_food_heavy
61,100,25,47,47,2,8,0.57,1.0,0.31,0.74,toxin_risk
63,12,27,35,72,10,41,0.63,0.17,0.37,0.89,healthy_trend
34,53,46,99,34,1,5,0.36,0.46,0.37,0.44,hormonal_risk
76,30,28,31,71,7,35,0.77,0.2,0.14,0.63,balanced_user
70,84,35,26,56,5,26,0.48,0.99,0.18,0.0,toxin_risk
48,40,71,24,53,8,34,0.62,0.39,0.12,0.87,balanced_user
67,20,37,36,68,13,49,0.62,0.0,0.15,0.68,balanced_user
54,76,51,31,49,9,38,0.29,0.87,0.0,0.69,toxin_risk
23,79,85,56,25,3,19,0.07,0.88,0.03,0.63,processed_food_heavy
82,93,28,33,57,11,47,0.16,0.99,0.29,0.79,toxin_risk
82,69,55,93,41,12,45,0.21,0.52,0.470534671974392,0.46,hormonal_risk
41,80,45,79,34,2,3,0.39,0.69,0.0,0.29,hormonal_risk
90,46,56,77,52,12,46,0.44,0.62,0.64,0.37,hormonal_risk
41,78,48,73,35,9,31,0.49,0.49,0.15,0.47,toxin_risk
51,63,31,94,40,8,24,0.52,0.56,0.33,0.69,hormonal_risk
75,31,28,57,64,9,30,0.36,0.38,0.25,0.44,balanced_user
69,71,55,20,55,9,39,0.52,0.73,0.09,0.59,toxin_risk
38,43,52,100,35,5,11,0.43,0.11,0.79,0.22,hormonal_risk
67,48,61,74,46,8,28,0.46,0.68,0.0,0.47,hormonal_risk
90,29,38,26,74,11,43,0.81,0.25,0.07,0.56,healthy_trend
42,73,41,78,37,11,41,0.36,0.72,0.76,0.0,hormonal_risk
43,61,48,13,55,15,66,0.86,0.66,0.34,0.87,healthy_trend
63,84,57,45,44,7,22,0.45,0.8,0.33,0.54,toxin_risk
48,100,47,58,35,12,51,0.5,1.0,0.6,0.63,hormonal_risk
77,64,63,21,57,4,19,0.41,0.81,0.33,0.85,balanced_user
40,22,34,9,68,10,38,0.45,0.44,0.1255253248125312,0.89,balanced_user
78,12,41,5,80,13,57,0.61,0.08,0.15,0.48,healthy_trend
64,78,91,54,35,1,9,0.32,0.52,0.16,0.0,processed_food_heavy
54,56,43,64,47,4,9,0.12,0.5,0.64,0.39,hormonal_risk
63,97,34,25,51,5,24,0.58,0.97,0.22,0.94,toxin_risk
73,66,65,57,46,1,1,0.2,0.87,0.17,0.98,processed_food_heavy
63,100,35,29,49,12,48,0.4,0.92,0.19,0.69,toxin_risk
30,75,93,27,33,7,32,0.41,0.74,0.19,0.81,processed_food_heavy
54,60,54,57,45,13,51,0.63,0.45,0.32,0.78,balanced_user
69,55,44,80,47,4,15,0.38,0.6,0.75,0.58,hormonal_risk
65,18,48,0,74,11,41,0.7,0.0,0.0,0.53,balanced_user
61,40,38,48,58,2,15,0.54,0.32,0.07,0.83,balanced_user
69,36,28,35,67,6,20,0.65,0.55,0.0,0.72,healthy_trend
36,62,76,72,31,4,11,0.14,0.62,0.17,0.66,processed_food_heavy
10,92,84,52,20,12,51,0.31,0.85,0.52,0.58,hormonal_risk
67,96,55,66,37,6,28,0.58,0.97,0.09,0.61,toxin_risk
47,94,73,37,35,1,5,0.36,0.8,0.14,0.74,processed_food_heavy
61,66,35,24,59,1,1,0.66,0.52,0.2,0.53,balanced_user
82,13,64,34,67,4,21,0.66,0.0,0.26,0.77,balanced_user
40,68,65,100,26,3,15,0.43,0.76,0.37,0.62,hormonal_risk
49,61,35,97,39,3,19,0.54,0.67,0.34,0.38,hormonal_risk
23,36,55,25,51,4,20,0.04,0.42,0.15,0.9,processed_food_heavy
29,95,58,57,29,4,16,0.53,1.0,0.92,0.55,hormonal_risk
52,57,39,90,41,3,8,0.25,0.44,0.88,0.62,hormonal_risk
48,79,68,56,36,6,28,0.24,0.78,0.09,0.79,processed_food_heavy
85,38,14,4,82,1,5,0.57,0.53,0.07,0.85,healthy_trend
63,43,43,37,60,3,7,0.71,0.49,0.13,0.7,balanced_user
91,0,49,8,83,16,70,0.95,0.0,0.29,0.62,healthy_trend
42,62,56,9,53,8,35,0.75,0.5,0.3,0.78,balanced_user
100,33,0,12,88,8,22,0.58,0.19,0.18,0.88,healthy_trend
43,85,70,36,38,3,16,0.19,0.93,0.18470676286378798,0.74,toxin_risk
53,48,34,6,66,17,70,0.85,0.33,0.06,0.89,healthy_trend
48,34,47,19,62,12,46,0.71,0.25,0.14,0.76,healthy_trend
96,37,38,41,70,3,17,0.64,0.33,0.0,0.87,balanced_user
54,73,54,68,39,3,7,0.54,0.78,0.07405887726698936,0.5,toxin_risk
87,36,53,73,56,7,24,0.24,0.35,0.38,0.32,hormonal_risk
57,54,100,47,39,3,16,0.28,0.42,0.18,0.84,processed_food_heavy
66,10,34,33,72,12,44,0.94,0.34,0.15,0.54,healthy_trend
65,12,15,31,76,17,76,0.87,0.0,0.04607029358088935,0.65,healthy_trend
83,4,51,15,78,12,49,0.8,0.09,0.22,0.7,balanced_user
46,71,59,70,36,3,11,0.25,0.78,0.0,0.0,hormonal_risk
57,75,44,17,55,12,51,0.31,0.92,0.31,0.91,toxin_risk
4,100,66,47,22,10,37,0.44,1.0,0.034446690349455876,0.71,toxin_risk
60,95,21,100,36,11,41,0.15,0.9,0.73,0.59,hormonal_risk
34,94,68,57,28,8,29,0.46,0.88,0.53,0.29,hormonal_risk
97,45,53,0,74,15,52,0.75,0.59,0.0,0.0,healthy_trend
11,96,40,53,30,4,22,0.26,1.0,0.0,0.57,toxin_risk
58,30,28,24,69,5,23,0.46,0.37,0.030181973700783852,0.0,balanced_user
50,100,48,100,25,12,49,0.44,0.73,0.39,0.71,hormonal_risk
86,35,0,0,87,18,70,0.88,0.47,0.37,0.6,healthy_trend
56,74,71,66,36,4,16,0.18,0.74,0.05,0.66,processed_food_heavy
100,36,65,10,72,5,23,0.4,0.25,0.08,0.76,balanced_user
76,24,11,12,82,13,50,0.73,0.05,0.26,0.49,healthy_trend
66,62,59,27,54,3,20,0.44,0.53,0.09,0.75,toxin_risk
63,55,47,17,61,4,15,0.72,0.57,0.27,0.85,balanced_user
54,56,51,84,40,3,8,0.5,0.47,0.38,0.21,hormonal_risk
78,25,36,33,71,3,11,0.42,0.32,0.27,0.83,balanced_user
36,77,34,72,38,10,42,0.69,0.81,0.2,0.0,balanced_user
43,83,76,92,23,11,45,0.17,0.9,0.47,0.37,hormonal_risk
61,40,40,6,68,11,54,0.87,0.39,0.16,0.0,healthy_trend
54,86,67,100,25,3,14,0.48,0.83,0.66,0.27,hormonal_risk
78,14,0,0,91,13,53,0.82,0.27,0.132077746304507,0.82,healthy_trend
79,30,27,25,74,7,24,0.72,0.37,0.21,0.72,healthy_trend
53,59,79,35,45,1,3,0.3,0.62,0.16,0.66,processed_food_heavy
21,61,74,47,34,2,8,0.29,0.43,0.2,0.86,processed_food_heavy
51,56,44,57,48,8,29,0.38,0.6,0.3222245074712583,0.44,hormonal_risk
74,76,67,39,48,1,1,0.46,0.88,0.0,0.64,toxin_risk
65,32,37,40,64,2,4,0.84,0.39,0.16,0.73,healthy_trend
81,17,4,21,84,15,65,0.78,0.33,0.23,0.58,healthy_trend
57,45,24,20,67,4,15,0.66,0.29,0.05,0.58,balanced_user
34,79,52,100,25,11,35,0.22,0.74,0.23493636818571795,0.43,hormonal_risk
48,74,92,51,32,1,1,0.37,0.93,0.08,0.61,processed_food_heavy
52,44,54,29,56,4,12,0.1,0.26,0.18,0.96,processed_food_heavy
68,89,100,52,31,7,13,0.2,0.93,0.07,0.75,processed_food_heavy
40,76,63,73,32,8,33,0.15,0.85,0.81,0.65,hormonal_risk
71,42,85,11,58,1,8,0.79,0.24,0.09,0.7,balanced_user
39,31,28,18,65,9,34,0.74,0.23,0.24,0.89,healthy_trend
63,96,48,48,42,2,15,0.43,1.0,0.29,0.79,toxin_risk
100,65,38,41,64,13,55,0.54,0.71,0.27,0.59,balanced_user
47,72,45,87,35,2,8,0.29,0.72,0.51,0.25,hormonal_risk
32,20,51,28,58,5,17,0.47,0.2,0.09629472954986426,0.44,balanced_user
66,47,33,91,48,12,49,0.49,0.33,0.89,0.62,hormonal_risk
34,39,76,52,41,3,10,0.43,0.27,0.17,0.89,processed_food_heavy
34,96,28,91,29,7,39,0.17,1.0,0.52,0.34,hormonal_risk
57,69,57,27,51,2,3,0.5,0.71,0.19,0.87,toxin_risk
38,61,43,59,43,10,35,0.15,0.47,0.09017240011643532,0.85,toxin_risk
56,92,50,61,38,6,34,0.15,0.79,0.25,0.53,toxin_risk
62,80,46,19,54,3,23,0.23,0.83,0.3,0.87,toxin_risk
67,12,58,71,56,18,70,0.93,0.16,0.11,0.59,healthy_trend
100,35,19,9,84,1,1,0.65,0.06,0.08,0.54,healthy_trend
74,48,48,28,62,6,28,0.56,0.38,0.13,0.59,healthy_trend
21,77,100,45,24,1,1,0.43,0.72,0.0,0.7,processed_food_heavy
54,87,98,27,35,4,20,0.19,0.96,0.02,0.98,processed_food_heavy
47,61,70,66,37,4,22,0.31,0.76,0.12,0.83,processed_food_heavy
86,21,44,14,76,12,52,0.43,0.19,0.0,0.72,balanced_user
71,25,27,36,70,14,45,0.89,0.38,0.06,0.6,healthy_trend
46,35,59,23,57,9,39,0.8,0.27,0.07,0.84,balanced_user
37,73,63,17,46,10,42,0.31,0.83,0.01926046661728215,0.83,toxin_risk
66,91,41,45,47,10,43,0.53,1.0,0.28,0.85,toxin_risk
65,93,32,53,46,8,32,0.25,0.89,0.15,0.87,toxin_risk
41,63,59,89,32,4,19,0.15,0.58,0.93,0.51,hormonal_risk
39,50,35,35,54,4,20,0.59,0.81,0.15405442050618717,0.51,balanced_user
73,66,67,52,47,6,24,0.07,0.66,0.12,0.99,processed_food_heavy
78,12,48,0,79,11,43,0.62,0.14,0.21,0.73,healthy_trend
39,27,50,2,65,8,25,0.63,0.44,0.2,0.6,balanced_user
100,37,38,16,77,13,49,0.71,0.34,0.12980753898021896,0.42,balanced_user
73,80,34,100,39,11,48,0.29,0.66,0.63,0.25,hormonal_risk
48,57,18,44,57,1,1,0.31,0.45,0.13724157408097656,0.0,toxin_risk
73,89,28,58,49,9,40,0.47,0.91,0.59,0.71,hormonal_risk
46,14,100,44,47,1,1,0.27,0.09,0.2,0.86,processed_food_heavy
37,66,100,56,28,8,45,0.27,0.68,0.12,0.64,processed_food_heavy
55,91,43,25,49,2,10,0.33,0.66,0.06373697299762528,0.63,toxin_risk
44,79,47,64,38,12,49,0.55,0.77,0.4,0.26,hormonal_risk
59,74,42,79,41,6,20,0.18,0.8,0.0,0.0,hormonal_risk
72,48,79,37,52,4,15,0.32,0.69,0.07,0.89,toxin_risk
52,21,70,92,42,3,10,0.35,0.06,0.13813320438682283,0.0,hormonal_risk
92,12,34,0,86,11,49,0.91,0.06,0.18,0.63,healthy_trend
88,69,45,47,56,10,36,0.24,0.46,0.3,0.8,toxin_risk
64,49,69,34,53,5,14,0.43,0.54,0.24,0.87,balanced_user
48,60,45,28,53,10,34,0.77,0.56,0.07,0.84,balanced_user
15,85,61,53,29,10,43,0.45,0.9,0.3,0.76,toxin_risk
92,92,31,99,42,7,34,0.19,1.0,0.79,0.45,hormonal_risk
17,69,41,100,26,5,18,0.48,0.71,0.0,0.64,hormonal_risk
51,35,67,100,37,12,38,0.41,0.49,0.55,0.52,hormonal_risk
62,33,37,10,70,12,45,0.72,0.16,0.05386247264624357,0.63,balanced_user
47,77,44,59,41,11,38,0.34,0.65,0.09,0.63,toxin_risk
89,15,53,57,66,17,71,0.67,0.14,0.26,0.48,healthy_trend
82,5,54,45,69,15,54,0.86,0.0,0.31,0.82,healthy_trend
66,48,29,33,64,15,53,0.59,0.51,0.10874071317692272,0.47,healthy_trend
44,70,35,83,39,5,23,0.41,0.79,0.56,0.5,hormonal_risk
76,24,73,38,60,5,25,0.57,0.38,0.32,0.7,balanced_user
19,61,75,66,29,6,23,0.13,0.68,0.011931987542978846,0.66,processed_food_heavy
69,59,27,8,68,9,31,0.78,0.65,0.0,0.88,healthy_trend
37,59,56,34,47,6,21,0.36,0.58,0.0,0.69,balanced_user
39,88,48,64,34,4,12,0.55,0.94,0.9,0.38,hormonal_risk
92,39,26,27,75,8,29,0.68,0.3,0.043535129219361604,0.7,healthy_trend
85,45,0,26,78,10,35,0.59,0.74,0.29,0.56,healthy_trend
58,57,59,100,35,4,18,0.26,0.59,0.51,0.43,hormonal_risk
65,86,74,19,46,6,25,0.16,0.86,0.18,0.57,toxin_risk
76,58,25,24,67,11,45,0.79,0.48,0.06139409355830772,0.0,balanced_user
50,41,87,92,32,8,39,0.34,0.28,0.14,0.76,processed_food_heavy
75,48,48,43,59,13,52,0.68,0.57,0.2,0.8,balanced_user
40,61,96,34,37,8,36,0.42,0.74,0.02506309987605414,0.0,processed_food_heavy
72,62,42,51,54,11,47,0.24,0.67,0.19,0.48,toxin_risk
59,59,37,31,58,1,1,0.58,0.57,0.22,0.47,healthy_trend
79,49,57,30,60,6,31,0.15,0.45,0.25,0.72,toxin_risk
66,40,80,29,54,8,23,0.41,0.4,0.07,0.57,balanced_user
69,28,61,37,60,16,68,0.73,0.46,0.21,0.82,healthy_trend
80,82,56,36,51,12,43,0.18,0.81,0.13,0.74,toxin_risk
55,93,80,25,39,1,5,0.39,0.86,0.29,0.66,toxin_risk
45,63,39,33,52,7,19,0.42,0.85,0.34,0.44,balanced_user
31,79,100,91,15,6,23,0.21,0.88,0.13,0.61,processed_food_heavy
81,68,38,10,66,6,25,0.54,0.83,0.15,0.56,balanced_user
85,78,55,39,53,8,30,0.28,0.74,0.06,0.82,toxin_risk
45,82,10,65,47,11,44,0.25,0.95,0.81,0.69,hormonal_risk
25,71,75,65,28,6,27,0.46,0.82,0.48,0.5,hormonal_risk
69,59,40,73,49,5,21,0.51,0.53,0.77,0.31,hormonal_risk
48,93,98,41,29,8,28,0.28,0.95,0.02,0.8,processed_food_heavy
89,50,36,18,71,14,50,0.75,0.62,0.1,0.47,balanced_user
29,100,66,79,21,7,27,0.39,1.0,0.57,0.25,hormonal_risk
13,63,52,48,37,7,30,0.39,0.78,0.12,0.73,processed_food_heavy
47,63,50,86,37,9,34,0.35,0.58,0.35,0.32,hormonal_risk
20,50,53,90,31,2,15,0.48,0.55,0.83,0.31,hormonal_risk
78,1,27,5,86,16,63,0.84,0.0,0.32,0.79,healthy_trend
58,60,38,40,55,14,54,0.55,0.39,0.06,0.82,balanced_user
42,34,77,43,47,6,28,0.08,0.47,0.2,0.6,processed_food_heavy
46,52,59,21,53,4,22,0.15,0.34,0.16,0.47,toxin_risk
68,26,38,59,61,11,43,0.66,0.22,0.21,0.48,balanced_user
50,53,38,48,52,2,5,0.72,0.61,0.16,0.9,balanced_user
38,45,59,31,50,3,11,0.69,0.53,0.07,0.79,balanced_user
43,59,54,94,34,8,43,0.42,0.68,0.89,0.53,hormonal_risk
81,60,30,35,64,10,42,0.93,0.6,0.15315083683540195,0.65,healthy_trend
45,69,66,31,44,7,27,0.55,0.54,0.31,0.7,toxin_risk
87,21,53,29,71,6,25,0.89,0.08,0.38,0.64,healthy_trend
62,66,100,60,34,4,16,0.29,0.67,0.08,0.0,processed_food_heavy
53,81,95,29,37,2,12,0.04,0.67,0.09,0.81,processed_food_heavy
60,68,76,41,43,5,11,0.35,0.45,0.15,0.73,processed_food_heavy
46,41,74,34,49,9,34,0.48,0.33,0.0,0.87,toxin_risk
15,95,45,24,37,12,60,0.48,0.7,0.0,0.71,toxin_risk
53,51,36,37,57,6,27,0.57,0.45,0.12350566962871466,0.62,balanced_user
82,24,48,28,70,9,37,0.88,0.22,0.1624848605879101,0.62,healthy_trend
0,41,64,77,29,7,33,0.28,0.36,0.18,0.93,processed_food_heavy
58,100,83,50,31,1,9,0.1,1.0,0.1,0.65,processed_food_heavy
100,27,0,14,89,2,9,0.87,0.15,0.35,0.71,healthy_trend
95,50,32,20,73,10,46,0.73,0.4,0.08,0.72,healthy_trend
80,37,39,13,72,7,20,0.46,0.52,0.05,0.68,balanced_user
57,63,100,35,39,8,37,0.12,0.85,0.11,0.75,processed_food_heavy
33,61,92,67,28,4,13,0.04,0.57,0.13,0.88,processed_food_heavy
50,50,30,31,59,3,17,0.59,0.49,0.3,0.0,toxin_risk
98,26,25,26,80,18,73,0.85,0.4,0.2,0.47,healthy_trend
28,30,83,56,39,1,5,0.21,0.17,0.01683849328781496,0.74,processed_food_heavy
41,12,27,37,66,14,64,0.64,0.0,0.33,0.53,balanced_user
29,47,100,64,29,8,29,0.29,0.36,0.09,0.74,processed_food_heavy
26,77,81,54,28,2,9,0.33,0.92,0.04,0.96,processed_food_heavy
52,100,40,45,41,8,30,0.53,0.88,0.14,0.82,toxin_risk
51,79,32,100,35,3,17,0.42,0.98,0.261213578970873,0.35,hormonal_risk
61,72,52,17,55,4,17,0.16,0.42,0.09,0.85,toxin_risk
31,77,100,73,20,2,6,0.41,0.43,0.14,0.79,processed_food_heavy
40,75,57,72,34,2,10,0.52,0.98,0.385064644698939,0.37,hormonal_risk
49,65,77,31,44,4,16,0.29,0.79,0.19,0.93,processed_food_heavy
66,68,28,43,56,6,18,0.26,0.7,0.08,0.65,toxin_risk
72,20,37,36,69,12,47,0.42,0.17,0.16,0.62,balanced_user
54,78,80,25,42,8,35,0.06,0.71,0.01,0.66,processed_food_heavy
72,44,66,2,65,13,54,0.65,0.43,0.15,0.56,balanced_user
57,56,64,18,54,5,20,0.64,0.41,0.07,0.63,balanced_user
64,77,52,54,45,11,50,0.48,0.65,0.12,0.78,toxin_risk
81,17,0,8,89,1,4,0.9,0.16,0.0,0.0,healthy_trend
54,10,34,19,72,3,15,0.65,0.1,0.19,0.5,balanced_user
84,46,20,21,74,9,35,0.58,0.42,0.1,0.54,healthy_trend
48,76,84,75,28,8,29,0.02,0.78,0.1,0.89,processed_food_heavy
80,85,31,28,59,13,60,0.85,0.74,0.1,0.73,healthy_trend
56,61,33,38,56,14,60,0.75,0.52,0.028729396316375208,0.63,balanced_user
86,75,61,93,39,3,15,0.35,0.62,0.82,0.0,hormonal_risk
55,55,50,78,43,9,35,0.1,0.5,0.84,0.27,hormonal_risk
60,88,83,100,22,3,2,0.48,0.61,0.2505381174145236,0.45,hormonal_risk
90,43,31,0,79,11,46,0.73,0.13,0.24,0.69,healthy_trend
70,46,50,60,53,10,37,0.5,0.21,0.8,0.34,hormonal_risk
2,35,94,43,32,3,13,0.41,0.18,0.18,0.95,processed_food_heavy
52,98,71,60,30,11,41,0.4,0.96,0.14879532458382821,0.27,hormonal_risk
79,14,13,0,88,8,33,0.64,0.09,0.13728005629290638,0.56,healthy_trend
49,79,61,79,32,3,11,0.36,1.0,0.15535761282914756,0.37,hormonal_risk
51,37,54,48,53,2,13,0.29,0.4,0.0,0.24,hormonal_risk
25,56,67,54,37,5,19,0.4,0.71,0.15,1.0,processed_food_heavy
48,100,41,85,30,2,1,0.54,1.0,0.2695159040779188,0.26,hormonal_risk
60,26,44,37,63,5,24,0.58,0.26,0.23,0.57,balanced_user
72,32,40,37,65,4,19,0.45,0.16,0.25,0.61,balanced_user
42,100,60,0,45,7,26,0.47,0.92,0.25,0.95,toxin_risk
38,85,58,26,42,3,8,0.42,0.81,0.11,0.88,processed_food_heavy
96,43,1,17,83,18,76,0.72,0.23,0.32,0.57,healthy_trend
93,26,50,13,76,15,52,0.92,0.16,0.26,0.8,healthy_trend
78,45,77,60,49,4,7,0.08,0.15,0.09,0.64,processed_food_heavy
91,19,74,51,61,8,27,0.62,0.27,0.26,0.53,healthy_trend
73,35,21,52,66,11,29,0.37,0.34,0.16,0.73,balanced_user
60,75,53,94,34,10,44,0.34,0.83,0.62,0.0,hormonal_risk
78,27,1,34,79,10,41,0.62,0.32,0.17604139569181032,0.51,healthy_trend
100,45,25,19,77,9,34,0.77,0.3,0.0,0.78,balanced_user
71,17,70,34,62,3,2,0.51,0.15,0.1,0.89,balanced_user
70,83,51,34,50,4,17,0.59,1.0,0.33,0.73,toxin_risk
100,59,47,33,65,17,67,0.8,0.75,0.14,0.86,healthy_trend
79,21,11,25,80,16,64,0.78,0.25,0.31,0.71,healthy_trend
73,21,49,27,69,9,33,0.74,0.19,0.18473643791593508,0.63,healthy_trend
13,66,86,26,33,1,4,0.32,0.56,0.0910339819903888,0.83,processed_food_heavy
84,0,40,41,75,6,36,0.42,0.19,0.24,0.69,balanced_user
37,68,33,41,48,11,54,0.25,0.7,0.0,0.32,hormonal_risk
98,34,33,53,69,14,50,0.68,0.32,0.0,0.79,healthy_trend
59,33,15,14,74,8,32,0.56,0.23,0.0,0.59,balanced_user
11,63,48,58,35,2,7,0.54,0.63,0.89,0.58,hormonal_risk
77,14,38,20,76,12,52,0.85,0.02,0.33,0.46,healthy_trend
81,85,57,59,45,5,16,0.19,0.85,0.12,0.63,toxin_risk
58,34,49,36,59,12,47,0.35,0.39,0.08,0.71,balanced_user
72,43,25,50,63,7,28,0.45,0.32,0.27,0.69,balanced_user
76,8,25,17,81,2,5,0.71,0.18,0.31,0.0,healthy_trend
56,89,38,52,44,2,5,0.58,0.98,0.35,0.64,toxin_risk
52,33,87,42,47,8,36,0.28,0.15,0.15,0.67,processed_food_heavy
41,63,66,22,47,3,22,0.3,0.57,0.2,0.77,processed_food_heavy
73,100,58,7,52,9,35,0.38,1.0,0.16,0.72,toxin_risk
66,51,48,100,41,11,46,0.16,0.56,0.81,0.28,hormonal_risk
67,59,15,42,62,13,54,0.76,0.46,0.21,0.89,healthy_trend
81,59,66,42,53,6,23,0.36,0.66,0.09,0.55,balanced_user
49,51,64,48,46,4,17,0.48,0.73,0.13,0.62,toxin_risk
93,25,73,19,69,9,47,0.9,0.34,0.153282592791883,0.89,healthy_trend
61,46,32,0,70,1,7,0.84,0.6,0.25,0.71,healthy_trend
52,44,34,100,43,10,36,0.13,0.62,0.78,0.73,hormonal_risk
100,6,0,1,98,9,37,0.71,0.0,0.37,0.8,healthy_trend
92,69,24,22,69,11,44,0.36,0.73,0.11214768190832688,0.62,balanced_user
57,100,58,49,37,12,45,0.23,0.76,0.0,0.69,toxin_risk
68,99,42,100,31,4,14,0.47,1.0,0.186761068636437,0.68,hormonal_risk
100,80,40,70,52,10,44,0.29,0.92,0.84,0.23,hormonal_risk
53,67,16,64,51,8,30,0.34,0.7,0.06,0.65,toxin_risk
53,83,31,100,34,2,1,0.16,0.85,0.68,0.66,hormonal_risk
58,48,48,6,64,4,10,0.58,0.62,0.28,0.86,balanced_user
73,43,26,35,67,3,9,0.56,0.75,0.22,0.83,balanced_user
66,76,44,52,48,16,66,0.67,0.74,0.19,0.79,healthy_trend
53,95,21,32,51,9,37,0.26,1.0,0.31,0.56,toxin_risk
74,43,53,48,57,5,20,0.74,0.45,0.2,0.58,balanced_user
55,34,59,43,54,1,11,0.18,0.32,0.18,0.67,processed_food_heavy
76,75,25,63,53,3,5,0.37,0.97,0.53,0.32,hormonal_risk
55,91,55,42,41,2,8,0.25,0.93,0.17,0.66,toxin_risk
91,32,35,27,74,13,48,0.77,0.34,0.025860047902769433,0.67,healthy_trend
84,30,0,27,81,8,29,0.65,0.41,0.1437995760923842,0.65,healthy_trend
78,14,45,28,72,7,30,0.86,0.0,0.12,0.8,healthy_trend
53,83,85,23,40,8,30,0.29,0.75,0.09,0.94,processed_food_heavy
27,47,73,24,45,10,36,0.51,0.52,0.22,0.79,balanced_user
87,38,5,4,85,1,1,0.76,0.32,0.17,0.63,healthy_trend
96,38,55,10,73,7,26,0.64,0.37,0.38,0.8,healthy_trend
68,22,33,37,69,8,31,0.7,0.15,0.22,0.76,healthy_trend
53,27,22,21,70,8,31,0.7,0.45,0.016089160613218113,0.44,balanced_user
37,58,57,78,36,6,28,0.32,0.63,0.64,0.39,hormonal_risk
78,43,56,73,51,4,8,0.4,0.63,0.33,0.46,hormonal_risk
38,66,18,54,50,3,10,0.2,0.47,0.63,0.49,hormonal_risk
52,89,62,30,42,10,31,0.52,0.94,0.05672045355724225,0.5,toxin_risk
46,71,90,61,31,6,20,0.43,0.82,0.12,0.89,processed_food_heavy
40,45,62,31,50,6,18,0.37,0.4,0.01,0.82,processed_food_heavy
78,70,36,15,64,7,26,0.76,0.67,0.23,0.65,balanced_user
57,50,19,26,65,10,37,0.74,0.34,0.16,0.64,balanced_user
100,47,43,51,64,14,50,0.7,0.34,0.36,0.0,healthy_trend
44,61,19,20,61,14,55,0.43,0.46,0.0,0.61,balanced_user
41,79,36,33,48,7,15,0.41,0.79,0.29,0.66,toxin_risk
71,75,42,43,52,4,20,0.33,0.6,0.08,0.58,toxin_risk
42,37,22,62,55,4,28,0.39,0.4,0.64,0.0,hormonal_risk
64,53,41,60,52,8,35,0.47,0.49,0.31,0.52,hormonal_risk
74,42,49,33,62,16,65,0.82,0.54,0.37,0.52,healthy_trend
66,55,42,27,60,2,16,0.54,0.5,0.3,0.43,balanced_user
100,20,11,3,91,18,70,0.59,0.36,0.09,0.8,healthy_trend
8,42,89,63,28,5,24,0.21,0.38,0.19,0.89,processed_food_heavy
59,72,51,47,47,4,19,0.48,0.99,0.23,0.49,toxin_risk
71,34,11,18,77,3,11,0.54,0.51,0.07464359779346236,0.0,balanced_user
45,48,89,55,38,2,1,0.19,0.54,0.06,0.93,processed_food_heavy
39,37,55,37,52,2,8,0.04,0.3,0.05685130554463478,0.64,processed_food_heavy
49,26,64,33,56,3,9,0.79,0.26,0.0,0.88,balanced_user
46,59,88,24,43,2,8,0.04,0.37,0.0,0.93,processed_food_heavy
64,50,37,73,51,4,27,0.13,0.51,0.48,0.26,hormonal_risk
52,74,100,41,34,6,32,0.03,0.76,0.1,0.0,processed_food_heavy
18,68,100,43,26,1,1,0.43,0.83,0.17,0.92,processed_food_heavy
83,76,63,40,51,2,2,0.34,0.7,0.19,0.53,toxin_risk
58,98,100,41,29,1,3,0.41,1.0,0.17,0.77,processed_food_heavy
43,38,76,32,49,3,13,0.05,0.36,0.13,0.69,processed_food_heavy
74,55,73,24,55,7,40,0.24,0.6,0.03258970605877716,0.0,processed_food_heavy
24,83,41,31,42,4,17,0.48,0.72,0.29,0.61,toxin_risk
49,73,63,89,31,8,35,0.38,0.77,0.0,0.0,hormonal_risk
51,37,10,22,70,12,48,0.72,0.53,0.35,0.73,healthy_trend
65,22,38,43,65,14,64,0.41,0.06,0.17,0.55,balanced_user
71,32,22,14,75,14,53,0.84,0.24,0.02107699291743638,0.87,healthy_trend
23,33,79,37,43,4,24,0.31,0.34,0.025049723825349365,0.78,processed_food_heavy
38,72,90,48,32,2,13,0.23,0.68,0.04,0.97,processed_food_heavy
70,52,50,15,63,11,36,0.71,0.7,0.1758785732329067,0.89,healthy_trend
70,18,29,4,79,10,39,0.62,0.17,0.28,0.52,healthy_trend
83,61,30,7,71,12,56,0.81,0.44,0.058284415960671944,0.76,healthy_trend
55,63,44,60,47,3,10,0.52,0.48,0.38,0.54,hormonal_risk
84,12,19,11,85,17,63,0.79,0.19,0.12,0.0,healthy_trend
26,59,62,21,46,7,27,0.08,0.52,0.0,0.77,processed_food_heavy
45,54,54,81,39,2,5,0.31,0.55,0.65,0.24,hormonal_risk
56,31,55,35,58,8,31,0.49,0.32,0.32,0.82,balanced_user
44,72,56,40,44,2,1,0.58,0.63,0.10121879323737727,0.47,toxin_risk
75,64,49,27,58,8,27,0.41,0.89,0.2,0.82,toxin_risk
97,80,76,81,40,1,1,0.46,0.73,0.69,0.31,hormonal_risk
62,71,60,64,41,11,48,0.45,0.61,0.08,0.68,toxin_risk
95,52,37,54,63,7,30,0.6,0.66,0.33,0.0,balanced_user
62,38,57,83,46,8,39,0.26,0.27,0.28943712622799483,0.27,hormonal_risk
29,42,75,51,40,2,13,0.3,0.61,0.11,0.87,processed_food_heavy
89,57,50,54,57,2,6,0.47,0.75,0.27,0.77,toxin_risk
25,76,59,20,42,11,45,0.37,0.82,0.055249899396761316,0.54,toxin_risk
48,47,42,28,57,14,54,0.76,0.49,0.18,0.42,balanced_user
17,57,80,14,41,2,4,0.04,0.64,0.0,0.0,processed_food_heavy
40,81,88,65,26,6,21,0.42,0.95,0.13,0.95,processed_food_heavy
89,3,13,35,84,18,72,0.71,0.02,0.36,0.72,healthy_trend
62,19,30,8,76,16,66,0.88,0.38,0.07,0.0,healthy_trend
70,100,48,28,48,5,23,0.44,0.91,0.07773707335061085,0.0,toxin_risk
69,83,29,30,56,11,41,0.4,0.9,0.141578090943028,0.62,toxin_risk
55,77,79,100,24,7,25,0.23,0.85,0.81,0.33,hormonal_risk
55,48,45,91,42,12,43,0.53,0.63,0.46,0.36,hormonal_risk
77,30,44,8,73,9,35,0.95,0.36,0.0,0.64,healthy_trend
56,60,53,55,47,10,37,0.41,0.44,0.9,0.48,hormonal_risk
43,47,51,44,50,7,27,0.53,0.38,0.100655127852888,0.58,balanced_user
42,45,44,100,38,10,43,0.3,0.49,0.33,0.46,hormonal_risk
96,37,56,0,75,2,18,0.66,0.37,0.08,0.7,healthy_trend
86,7,69,21,72,6,22,0.58,0.14,0.07,0.45,healthy_trend
45,61,58,100,31,1,1,0.11,0.51,0.63,0.54,hormonal_risk
40,61,83,50,36,11,47,0.43,0.57,0.36,0.32,hormonal_risk
71,100,56,24,47,5,18,0.39,0.8,0.0,0.5,toxin_risk
31,29,14,9,69,9,44,0.41,0.37,0.07,0.82,balanced_user
70,20,20,20,77,1,3,0.69,0.23,0.022932565238820563,0.47,healthy_trend
96,38,42,21,73,4,18,0.36,0.39,0.16,0.59,balanced_user
64,46,100,56,40,1,7,0.1,0.76,0.12,0.88,processed_food_heavy
87,21,30,42,73,14,57,0.91,0.39,0.0,0.5,healthy_trend
34,82,29,43,45,2,5,0.44,0.83,0.33,0.87,toxin_risk
93,21,38,10,81,16,62,0.57,0.2,0.33,0.48,healthy_trend
70,50,36,14,67,15,48,0.7,0.54,0.09747837053717058,0.64,healthy_trend
75,68,50,63,48,8,31,0.18,0.48,0.11,0.49,toxin_risk
41,62,21,32,56,4,12,0.51,0.7,0.052917625283872366,0.52,toxin_risk
66,24,62,27,63,7,24,0.47,0.15,0.21,0.43,balanced_user
42,82,80,32,37,4,12,0.33,0.88,0.01,0.87,processed_food_heavy
41,29,27,16,67,4,20,0.73,0.22,0.12360121368910182,0.88,balanced_user
56,50,49,38,54,9,36,0.35,0.6,0.11,0.7,toxin_risk
38,91,70,25,38,6,26,0.16,0.97,0.06,0.71,processed_food_heavy
64,73,35,47,52,1,1,0.44,0.59,0.57,0.28,hormonal_risk
48,42,49,100,39,6,22,0.41,0.38,0.1711816810325294,0.34,hormonal_risk
65,92,44,31,49,7,28,0.41,0.94,0.18,0.79,toxin_risk
71,48,58,74,47,9,37,0.28,0.62,0.6,0.6,hormonal_risk
91,24,24,27,79,2,1,0.66,0.4,0.07,0.6,balanced_user
68,42,39,32,63,12,44,0.68,0.45,0.39,0.7,healthy_trend
66,37,16,15,74,16,53,0.84,0.41,0.12105901149574194,0.64,healthy_trend
43,57,97,30,39,3,10,0.05,0.67,0.14,0.87,processed_food_heavy
100,42,43,35,70,14,61,0.8,0.63,0.32,0.51,healthy_trend
88,60,54,64,52,3,22,0.17,0.73,0.13,0.55,toxin_risk
88,19,46,0,80,14,61,0.91,0.31,0.07,0.71,healthy_trend
56,63,47,90,39,3,13,0.22,0.62,0.74,0.0,hormonal_risk
43,62,39,35,51,6,19,0.4,0.52,0.11,0.63,toxin_risk
84,90,31,40,55,3,15,0.31,0.83,0.05,0.65,toxin_risk
60,79,35,18,57,11,43,0.58,0.61,0.27,0.74,toxin_risk
37,77,70,58,33,8,26,0.28,0.89,0.0,0.95,processed_food_heavy
50,50,43,77,45,6,22,0.53,0.5,0.17849101078688115,0.7,hormonal_risk
77,59,55,47,54,7,31,0.54,0.6,0.12,0.0,toxin_risk
55,75,72,45,40,4,15,0.19,0.7,0.17,1.0,processed_food_heavy
54,69,50,94,35,7,26,0.42,0.76,0.0,0.56,hormonal_risk
46,19,40,36,62,5,29,0.54,0.2,0.06293885014383087,0.48,balanced_user
76,97,34,29,54,12,49,0.19,1.0,0.24,0.0,toxin_risk
39,72,93,0,43,5,17,0.39,0.68,0.16,0.94,processed_food_heavy
32,66,79,34,38,5,18,0.16,0.63,0.17,0.75,processed_food_heavy
23,87,96,32,27,7,21,0.06,0.84,0.07,0.83,processed_food_heavy
67,73,36,0,64,10,39,0.85,0.79,0.31,0.64,healthy_trend
54,74,44,19,54,13,51,0.76,0.75,0.16,0.76,balanced_user
83,0,64,14,76,18,72,0.77,0.09,0.02364122148088437,0.72,healthy_trend
45,53,88,50,38,3,9,0.37,0.51,0.16,0.54,toxin_risk
40,55,30,82,43,7,28,0.18,0.63,0.37,0.48,hormonal_risk
56,71,91,50,36,1,7,0.09,0.9,0.0,0.67,processed_food_heavy
45,52,72,61,40,10,33,0.24,0.6,0.78,0.32,hormonal_risk
48,87,63,68,32,7,33,0.42,0.81,0.31,0.35,hormonal_risk
81,69,34,0,69,2,4,0.44,0.76,0.35,0.85,toxin_risk
43,53,38,52,50,10,43,0.59,0.45,0.33,0.85,balanced_user
65,0,37,9,79,3,22,0.66,0.0,0.14,0.69,healthy_trend
91,20,24,3,86,15,64,0.65,0.26,0.35,0.79,healthy_trend
48,76,55,60,39,11,39,0.47,0.81,0.24,0.45,toxin_risk
54,91,76,55,33,3,9,0.22,0.71,0.14556747055264166,0.92,toxin_risk
69,26,27,49,66,14,60,0.45,0.22,0.29,0.49,balanced_user
82,53,41,31,64,11,48,0.45,0.58,0.11,0.73,toxin_risk
94,57,36,0,75,6,10,0.78,0.58,0.18,0.77,healthy_trend
74,16,57,23,69,16,65,0.72,0.21,0.10187993319569365,0.74,healthy_trend
61,83,37,18,55,12,53,0.46,0.85,0.012083091770823902,0.84,toxin_risk
32,55,39,28,52,14,56,0.64,0.62,0.09,0.9,balanced_user
62,14,30,36,70,10,43,0.53,0.12,0.06,0.68,balanced_user
81,59,62,58,50,2,5,0.28,0.7,0.7,0.5,hormonal_risk
51,41,48,9,63,3,20,0.6,0.32,0.17,0.63,balanced_user
49,100,77,35,34,12,46,0.16,1.0,0.34,0.74,toxin_risk
79,49,36,21,68,9,32,0.74,0.59,0.03065659665705886,0.72,healthy_trend
34,97,62,93,20,12,51,0.22,1.0,0.76,0.74,hormonal_risk
34,76,63,44,37,3,10,0.43,0.66,0.07,0.0,processed_food_heavy
49,58,55,98,34,3,15,0.36,0.73,0.65,0.23,hormonal_risk
25,81,73,74,24,8,27,0.03,0.61,0.04,0.77,processed_food_heavy
34,78,32,34,47,4,11,0.26,0.68,0.13,0.7,toxin_risk
43,80,57,59,36,4,17,0.11,0.71,0.16,0.81,processed_food_heavy
56,53,53,23,56,6,24,0.47,0.44,0.07,0.79,toxin_risk
59,100,82,14,40,2,12,0.15,0.88,0.19,0.65,processed_food_heavy
74,86,56,51,45,7,29,0.37,0.63,0.31,0.92,toxin_risk
46,93,53,46,38,2,1,0.42,0.83,0.0,0.0,processed_food_heavy
43,91,74,17,40,2,8,0.03,1.0,0.08,0.66,processed_food_heavy
74,29,55,90,50,3,12,0.11,0.24,0.73,0.25,hormonal_risk
49,76,100,51,30,5,20,0.14,0.69,0.06,0.7,processed_food_heavy
61,47,44,9,65,3,8,0.62,0.52,0.13,0.0,balanced_user
48,79,42,13,53,1,2,0.4,0.79,0.18,0.76,toxin_risk
92,3,0,13,94,14,68,0.75,0.07,0.35,0.68,healthy_trend
72,17,36,20,74,14,61,0.88,0.0,0.28,0.53,healthy_trend
56,24,49,48,58,12,44,0.61,0.14,0.16,0.7,balanced_user
75,37,17,41,70,18,72,0.86,0.67,0.39,0.84,healthy_trend
57,37,32,19,67,3,9,0.8,0.31,0.33,0.6,balanced_user
65,73,71,41,45,5,9,0.18,0.63,0.0209452869019918,0.84,processed_food_heavy
48,67,80,100,25,7,28,0.4,0.89,0.21179001004246528,0.55,hormonal_risk
100,35,36,51,69,11,49,0.85,0.26,0.17050239067646605,0.46,healthy_trend
62,16,11,2,83,9,37,0.9,0.2,0.37,0.55,healthy_trend
42,79,88,45,32,3,14,0.31,0.82,0.13,0.77,processed_food_heavy
82,32,24,16,77,11,51,0.54,0.35,0.25,0.43,balanced_user
70,21,3,4,85,7,25,0.8,0.0,0.2,0.82,healthy_trend
19,98,50,19,38,7,23,0.49,0.98,0.31,0.52,toxin_risk
57,88,39,86,36,2,5,0.29,0.87,0.0,0.64,hormonal_risk
67,23,39,11,73,12,39,0.21,0.0,0.08838612304338132,0.76,toxin_risk
69,22,34,44,67,12,49,0.73,0.15,0.14,0.52,balanced_user
62,50,55,44,53,2,7,0.51,0.33,0.17,0.55,toxin_risk
63,54,50,10,62,6,29,0.59,0.42,0.0,0.0,balanced_user
49,85,66,45,38,4,23,0.52,0.83,0.25,0.47,toxin_risk
32,65,80,49,34,3,4,0.44,0.52,0.10036225295516635,0.86,processed_food_heavy
100,8,35,38,79,8,36,0.89,0.15,0.04715469856053812,0.49,healthy_trend
62,60,56,48,49,10,32,0.32,0.29,0.17,0.48,toxin_risk
44,100,47,24,43,2,9,0.39,1.0,0.12,0.8,toxin_risk
8,93,47,90,19,3,10,0.44,1.0,0.78,0.26,hormonal_risk
69,72,71,27,49,3,17,0.48,0.75,0.11,0.53,toxin_risk
42,52,33,31,56,10,38,0.27,0.54,0.2,0.73,toxin_risk
40,75,50,38,44,12,48,0.56,0.63,0.2,0.85,toxin_risk
65,40,35,95,48,7,18,0.17,0.33,0.59,0.29,hormonal_risk
65,46,27,74,54,10,37,0.39,0.57,0.4,0.21,hormonal_risk
64,67,34,27,59,3,6,0.37,0.59,0.07,0.77,toxin_risk
23,54,62,45,40,5,12,0.29,0.59,0.13,0.0,processed_food_heavy
70,64,37,22,61,9,28,0.77,0.63,0.044162379735653366,0.87,balanced_user
57,54,91,31,45,2,7,0.06,0.46,0.12,0.67,processed_food_heavy
62,0,34,12,79,11,35,0.64,0.0,0.07,0.56,healthy_trend
70,51,19,19,70,1,3,0.89,0.58,0.12,0.61,healthy_trend
73,49,38,25,65,4,14,0.44,0.43,0.04831890741652387,0.62,balanced_user
87,24,15,0,87,18,70,0.62,0.1,0.39,0.76,healthy_trend
53,24,74,79,44,6,21,0.54,0.23,0.54,0.26,hormonal_risk
60,12,53,0,73,17,67,0.59,0.14,0.13,0.0,healthy_trend
79,41,24,19,73,16,69,0.69,0.39,0.39,0.49,healthy_trend
86,50,58,26,63,2,4,0.3,0.49,0.15,0.89,toxin_risk
67,66,50,95,39,3,13,0.47,0.77,0.15,0.74,toxin_risk
90,44,74,21,62,5,25,0.59,0.15,0.18,0.41,balanced_user
41,69,78,27,41,2,15,0.08,0.62,0.16,0.8,processed_food_heavy
78,39,1,11,81,10,37,0.7,0.43,0.12,0.83,healthy_trend
41,76,85,51,32,4,17,0.03,0.67,0.03,0.7,processed_food_heavy
70,41,34,14,70,9,34,0.6,0.55,0.11,0.49,healthy_trend
20,73,90,8,37,3,9,0.39,0.73,0.13,0.8,processed_food_heavy
88,58,16,8,76,17,62,0.87,0.93,0.31,0.78,healthy_trend
63,68,82,50,40,4,20,0.45,0.87,0.02,0.95,processed_food_heavy
81,65,61,38,54,2,13,0.21,0.69,0.16,0.94,toxin_risk
55,52,12,29,65,2,12,0.53,0.49,0.18,0.54,balanced_user
64,8,44,67,61,11,50,0.81,0.0,0.13,0.52,healthy_trend
54,17,74,26,59,7,32,0.11,0.28,0.13,0.69,processed_food_heavy
84,33,46,19,71,10,41,0.72,0.19,0.39,0.88,healthy_trend
42,77,49,24,48,10,32,0.42,0.68,0.15,0.77,toxin_risk
69,48,56,90,43,11,40,0.43,0.48,0.38,0.5,hormonal_risk
58,17,47,16,69,3,16,0.63,0.06,0.23,0.53,balanced_user
51,88,86,53,31,3,11,0.23,0.86,0.12,0.72,processed_food_heavy
48,17,42,9,70,5,26,0.66,0.09,0.0,0.76,balanced_user
85,34,33,24,73,17,67,0.77,0.38,0.04108041182034181,0.69,healthy_trend
36,82,75,52,31,2,6,0.25,0.69,0.01,0.63,processed_food_heavy
79,25,39,39,69,5,24,0.69,0.3,0.26,0.59,balanced_user
85,54,32,7,73,7,28,0.67,0.48,0.23,0.74,healthy_trend
15,56,71,42,36,5,24,0.25,0.77,0.18,0.78,processed_food_heavy
50,89,65,57,34,12,45,0.29,0.84,0.05,0.64,toxin_risk
53,69,46,73,41,8,39,0.19,0.87,0.45,0.52,hormonal_risk
65,75,33,9,62,7,41,0.66,0.69,0.38,0.83,healthy_trend
95,41,5,33,79,16,60,0.77,0.35,0.18,0.82,healthy_trend
70,47,54,5,66,2,8,0.77,0.25,0.03755748122312219,0.67,healthy_trend
30,55,24,33,54,2,4,0.17,0.53,0.21,0.0,toxin_risk
52,84,70,11,46,6,22,0.33,0.77,0.09,0.78,toxin_risk
91,73,62,94,40,11,42,0.4,0.81,0.87,0.27,hormonal_risk
61,71,38,20,58,1,7,0.63,0.64,0.29,0.54,balanced_user
98,35,43,9,77,14,65,0.79,0.5,0.26,0.76,healthy_trend
60,81,50,22,51,12,43,0.37,0.9,0.34,0.68,toxin_risk
57,70,50,74,40,7,29,0.4,0.7,0.49,0.34,hormonal_risk
87,23,19,42,75,3,12,0.95,0.38,0.25,0.45,healthy_trend
57,83,97,71,26,7,20,0.36,0.86,0.02,0.92,processed_food_heavy
40,68,48,51,43,3,18,0.11,0.7,0.14,0.0,processed_food_heavy
93,46,41,0,76,11,48,0.85,0.49,0.36,0.86,healthy_trend
79,25,33,41,70,14,51,0.83,0.19,0.22,0.0,healthy_trend
49,96,50,24,44,12,42,0.58,1.0,0.13062417347450062,0.68,toxin_risk
28,90,69,49,30,6,21,0.08,1.0,0.12,0.71,processed_food_heavy
87,34,40,60,63,6,30,0.65,0.51,0.0,0.5,healthy_trend
55,52,43,100,40,8,39,0.22,0.48,0.65,0.64,hormonal_risk
49,100,31,14,51,8,39,0.53,0.96,0.05,0.0,toxin_risk
67,75,75,68,37,6,24,0.31,0.78,0.16,0.74,processed_food_heavy
31,76,78,78,24,7,31,0.45,0.6,0.08,0.69,processed_food_heavy
45,72,65,42,41,3,16,0.39,0.65,0.08724252861288923,0.81,toxin_risk
65,92,39,94,35,5,34,0.47,0.98,0.1542768310394166,0.56,hormonal_risk
51,59,24,17,62,13,58,0.64,0.63,0.05094488583003698,0.5,healthy_trend
77,44,10,10,78,10,49,0.76,0.41,0.35,0.45,healthy_trend
57,82,33,5,59,6,30,0.73,0.81,0.31,0.64,healthy_trend
100,11,0,1,97,18,67,0.84,0.2,0.25,0.65,healthy_trend
72,59,87,49,44,7,30,0.1,0.59,0.05945030144686462,0.97,processed_food_heavy
59,56,33,17,63,13,53,0.38,0.42,0.24,0.0,balanced_user
60,19,15,24,75,10,34,0.71,0.15,0.17,0.81,healthy_trend
85,44,33,38,67,14,60,0.74,0.37,0.27,0.4,balanced_user
50,68,82,38,40,5,24,0.13,0.59,0.05,0.87,processed_food_heavy
35,62,55,38,45,6,22,0.42,0.62,0.34,0.71,toxin_risk
74,64,31,59,55,3,8,0.46,0.64,0.40053250773371757,0.34,hormonal_risk
64,64,45,36,54,11,51,0.75,0.69,0.1,0.61,balanced_user
73,27,38,10,74,10,40,0.8,0.29,0.2,0.83,healthy_trend
39,75,67,26,42,5,25,0.44,0.89,0.09,0.99,processed_food_heavy
75,12,11,11,85,9,32,0.87,0.11,0.33,0.78,healthy_trend
36,92,35,67,35,2,6,0.33,1.0,0.14295313271358048,0.0,toxin_risk
40,74,47,86,33,10,33,0.45,0.76,0.76,0.57,hormonal_risk
47,100,77,70,25,3,11,0.53,0.93,0.13,0.0,toxin_risk
62,42,45,0,68,7,36,0.78,0.51,0.05,0.82,healthy_trend
52,61,65,35,47,3,11,0.36,0.67,0.011411818545697719,0.68,processed_food_heavy
62,65,0,26,67,9,42,0.43,0.55,0.03958248308627705,0.66,balanced_user
86,84,27,40,58,10,28,0.3,0.83,0.19,0.83,toxin_risk
73,58,54,75,46,11,46,0.51,0.65,0.4733397726565876,0.64,hormonal_risk
76,73,54,30,54,11,45,0.27,0.85,0.1,0.52,toxin_risk
89,36,44,21,72,16,62,0.66,0.34,0.042022736652420255,0.64,healthy_trend
92,29,69,44,62,9,31,0.65,0.29,0.32,0.63,balanced_user
24,90,86,62,21,3,8,0.32,0.8,0.15,0.63,processed_food_heavy
52,20,19,42,67,1,1,0.81,0.14,0.0,0.85,healthy_trend
76,67,41,24,61,12,53,0.4,0.54,0.0,0.68,balanced_user
37,55,90,32,40,2,1,0.24,0.5,0.14,0.77,processed_food_heavy
39,76,61,100,25,4,15,0.23,0.85,0.41,0.34,hormonal_risk
79,62,42,10,66,6,30,0.39,0.58,0.08,0.86,balanced_user
51,40,68,53,47,2,7,0.14,0.45,0.13,0.78,processed_food_heavy
49,100,42,26,45,2,3,0.53,1.0,0.14,0.7,toxin_risk
77,27,14,0,84,8,26,0.85,0.29,0.0,0.66,healthy_trend
49,71,94,30,38,4,19,0.45,0.75,0.03,0.86,processed_food_heavy
56,58,64,37,49,14,51,0.73,0.67,0.26,0.82,balanced_user
62,77,49,31,51,2,4,0.35,0.68,0.26,0.47,toxin_risk
63,86,34,55,47,9,33,0.58,0.75,0.1,0.92,toxin_risk
74,14,44,15,75,10,37,0.74,0.24,0.35,0.77,healthy_trend
28,86,78,48,29,2,12,0.37,0.69,0.06,0.0,processed_food_heavy
68,19,34,36,69,13,45,0.8,0.26,0.28,0.41,balanced_user
26,86,85,49,26,3,11,0.08,0.92,0.07,0.68,processed_food_heavy
64,40,61,67,49,3,10,0.2,0.16,0.06,0.99,processed_food_heavy
57,80,18,98,40,3,19,0.15,0.78,0.8,0.67,hormonal_risk
83,22,24,24,78,10,34,0.62,0.26,0.07265778178352442,0.62,healthy_trend
79,34,40,39,66,18,78,0.66,0.64,0.1,0.87,healthy_trend
30,98,43,33,39,5,20,0.18,1.0,0.10361163230204244,0.49,toxin_risk
48,73,77,9,47,3,16,0.17,0.88,0.06,0.76,processed_food_heavy
56,53,20,23,65,8,35,0.85,0.41,0.13,0.53,healthy_trend
61,70,31,60,50,8,33,0.77,0.84,0.0,0.46,balanced_user
20,30,100,29,40,1,6,0.29,0.04,0.0,0.0,processed_food_heavy
69,54,46,81,47,9,30,0.36,0.47,0.67,0.0,hormonal_risk
37,100,25,100,28,2,8,0.1,1.0,0.9,0.6,hormonal_risk
63,72,51,37,50,10,41,0.25,0.73,0.24,0.84,toxin_risk
38,78,71,78,27,6,24,0.36,0.89,0.81,0.3,hormonal_risk
75,83,79,26,46,1,1,0.2,0.7,0.31,0.57,toxin_risk
44,69,55,41,44,1,3,0.43,0.68,0.02,0.85,processed_food_heavy
64,7,48,7,75,13,51,0.64,0.11,0.24,0.62,balanced_user
40,53,76,14,49,4,16,0.79,0.52,0.17,0.45,balanced_user
72,0,15,7,87,8,25,0.94,0.0,0.21,0.64,healthy_trend
98,15,31,23,82,15,61,0.79,0.48,0.06,0.61,healthy_trend
19,72,90,56,25,4,18,0.17,0.95,0.02,0.81,processed_food_heavy
92,57,72,33,57,5,24,0.21,0.41,0.062272754299839486,0.6,toxin_risk
55,53,22,69,52,12,45,0.37,0.44,0.15691843975706285,0.0,hormonal_risk
47,34,55,29,57,4,19,0.44,0.13,0.24,0.4,balanced_user
50,27,12,47,66,3,13,0.72,0.3,0.07,0.78,balanced_user
64,75,78,22,47,13,60,0.46,0.82,0.23,0.41,balanced_user
52,58,49,50,48,12,47,0.17,0.54,0.09,0.71,toxin_risk
73,5,38,44,71,18,71,0.72,0.07,0.23,0.61,healthy_trend
85,54,44,0,71,6,31,0.87,0.69,0.27,0.81,healthy_trend
57,45,71,46,48,2,9,0.17,0.37,0.24,0.68,toxin_risk
68,76,85,25,45,10,35,0.49,0.73,0.21,0.0,toxin_risk
52,43,9,22,69,12,49,0.46,0.16,0.045845886011221575,0.41,balanced_user
85,22,44,1,79,10,39,0.7,0.01,0.14,0.65,healthy_trend
42,71,95,30,36,5,15,0.31,0.86,0.04,0.88,processed_food_heavy
74,25,18,28,75,17,70,0.59,0.12,0.3,0.85,healthy_trend
93,4,50,41,74,15,58,0.91,0.0,0.18665655422024777,0.79,healthy_trend
95,21,26,12,84,15,56,0.64,0.28,0.11,0.0,healthy_trend
36,57,43,28,52,10,36,0.61,0.56,0.17272413270755463,0.82,balanced_user
46,58,46,50,48,8,31,0.53,0.46,0.17,0.89,toxin_risk
67,48,90,74,38,1,10,0.4,0.45,0.03,0.6,processed_food_heavy
63,40,34,22,66,12,38,0.61,0.26,0.04780962339999438,0.85,balanced_user
60,41,52,20,61,8,35,0.63,0.61,0.05,0.51,balanced_user
61,80,35,63,45,6,21,0.53,0.68,0.3971516564131719,0.67,hormonal_risk
74,45,30,7,73,3,10,0.75,0.26,0.06,0.85,balanced_user
72,61,46,67,49,12,52,0.44,0.59,0.24,0.7,toxin_risk
66,28,40,19,69,11,42,0.56,0.36,0.14,0.42,balanced_user
64,55,46,78,46,6,21,0.14,0.46,0.4111986428069012,0.25,hormonal_risk
64,42,71,47,51,5,18,0.37,0.63,0.05,0.88,processed_food_heavy
41,53,71,42,43,11,46,0.51,0.68,0.14,0.47,balanced_user
78,33,43,59,60,9,33,0.17,0.33,0.0,0.21,hormonal_risk
46,58,94,38,39,5,21,0.19,0.55,0.002075165106943307,0.81,processed_food_heavy
85,32,75,17,65,10,33,0.42,0.28,0.23,0.75,balanced_user
44,71,61,95,29,10,47,0.23,0.86,0.31,0.36,hormonal_risk
64,54,69,29,53,7,32,0.25,0.49,0.29,0.67,toxin_risk
50,71,96,54,32,7,35,0.15,0.68,0.15,0.64,processed_food_heavy
61,100,46,29,46,2,16,0.18,1.0,0.29,0.94,toxin_risk
58,34,34,14,69,3,15,0.71,0.36,0.12,0.0,balanced_user
44,52,64,85,35,7,24,0.39,0.64,0.0,0.42,hormonal_risk
80,39,65,13,65,14,61,0.78,0.42,0.33,0.89,healthy_trend
70,31,60,55,56,3,13,0.27,0.44,0.92,0.3,hormonal_risk
76,28,20,26,75,11,47,0.93,0.21,0.27,0.86,healthy_trend
67,55,67,27,54,8,28,0.48,0.27,0.17,0.66,toxin_risk
69,59,45,12,63,5,26,0.64,0.64,0.0,0.0,balanced_user
98,20,32,33,78,6,30,0.94,0.4,0.29,0.77,healthy_trend
70,88,62,35,46,5,27,0.2,0.89,0.08,0.9,toxin_risk
68,54,40,47,56,7,24,0.61,0.54,0.25,0.55,balanced_user
26,44,70,44,42,8,30,0.41,0.6,0.2,0.94,processed_food_heavy
70,41,48,23,64,12,44,0.55,0.19,0.1370695953794439,0.6,balanced_user
11,63,100,29,29,3,9,0.07,0.66,0.04,0.76,processed_food_heavy
42,87,67,34,38,7,35,0.37,1.0,0.08,0.92,processed_food_heavy
63,64,59,63,44,3,3,0.44,0.54,0.42,0.3,hormonal_risk
39,96,59,25,39,3,5,0.22,0.96,0.12,0.93,processed_food_heavy
92,11,47,17,79,12,53,0.89,0.13,0.2120292637645278,0.89,healthy_trend
72,52,41,37,60,13,47,0.46,0.58,0.08,0.53,balanced_user
51,42,40,38,57,4,19,0.59,0.47,0.34,0.71,balanced_user
100,27,31,40,75,2,13,0.6,0.29,0.34,0.56,healthy_trend
38,55,29,49,51,12,42,0.68,0.33,0.14,0.67,balanced_user
74,14,18,40,75,1,8,0.88,0.1,0.09579191257365662,0.76,healthy_trend
40,82,79,79,25,4,16,0.22,1.0,0.04,0.65,processed_food_heavy
76,51,22,8,73,2,15,0.18,0.53,0.11,0.63,toxin_risk
72,10,20,25,79,12,47,0.84,0.0,0.03801587378373211,0.51,healthy_trend
42,78,93,67,26,1,7,0.1,0.86,0.14,0.71,processed_food_heavy
62,75,42,18,56,3,10,0.44,0.57,0.1054234802153919,0.86,balanced_user
30,57,79,56,34,1,3,0.44,0.48,0.11,0.61,processed_food_heavy
77,26,32,6,78,8,28,0.64,0.24,0.022687368595003966,0.56,healthy_trend
24,51,87,0,46,1,1,0.37,0.55,0.12517582757956014,0.66,toxin_risk
72,41,33,24,68,16,56,0.89,0.36,0.37,0.7,healthy_trend
52,79,72,54,36,5,23,0.32,0.71,0.13,0.9,processed_food_heavy
62,69,62,64,41,5,17,0.52,0.88,0.38,0.5,hormonal_risk
74,21,9,10,83,7,29,0.74,0.0,0.29,0.61,healthy_trend
77,53,17,36,67,16,60,0.62,0.53,0.2,0.7,healthy_trend
67,19,38,48,65,11,48,0.85,0.26,0.09,0.68,healthy_trend
63,20,30,0,78,15,57,0.93,0.24,0.26,0.64,healthy_trend
26,98,47,53,32,4,25,0.16,1.0,0.33,0.67,toxin_risk
26,78,76,12,40,2,5,0.02,0.83,0.17,0.87,processed_food_heavy
97,57,30,34,69,11,36,0.75,0.5,0.0,0.6,healthy_trend
66,30,45,48,60,5,17,0.43,0.36,0.06,0.87,balanced_user
68,82,71,70,36,10,41,0.1,0.9,0.34,0.56,hormonal_risk
50,16,6,48,70,7,25,0.56,0.34,0.08,0.66,healthy_trend
68,73,60,59,44,4,10,0.11,0.54,0.1,0.0,processed_food_heavy
60,6,50,63,60,5,20,0.72,0.2,0.23,0.6,balanced_user
45,69,53,30,48,5,25,0.39,0.96,0.16,0.8,balanced_user
63,26,51,54,58,10,43,0.68,0.28,0.3,0.84,balanced_user
73,47,56,31,59,12,46,0.54,0.43,0.0545139143908878,0.74,balanced_user
47,71,49,45,45,1,6,0.04,0.63,0.2,0.84,processed_food_heavy
24,100,67,25,33,9,37,0.49,0.85,0.1,0.88,toxin_risk
83,32,38,42,67,7,28,0.85,0.44,0.23,0.81,healthy_trend
53,58,27,50,54,2,11,0.57,0.59,0.06,0.51,toxin_risk
35,54,91,57,33,1,11,0.39,0.46,0.16,0.86,processed_food_heavy
46,83,71,67,31,12,49,0.46,0.83,0.0,0.77,toxin_risk
52,51,69,79,38,2,5,0.21,0.5,0.87,0.33,hormonal_risk
69,48,71,40,52,5,18,0.3,0.58,0.11,0.82,processed_food_heavy
54,58,41,59,49,3,15,0.29,0.53,0.06,0.88,processed_food_heavy
64,82,83,46,38,3,9,0.15,0.83,0.1,0.78,processed_food_heavy
66,23,56,51,59,7,37,0.4,0.16,0.23,0.79,balanced_user
44,96,36,78,33,7,28,0.26,0.79,0.62,0.74,hormonal_risk
73,52,21,32,67,13,51,0.74,0.62,0.12816499439241,0.63,balanced_user
96,49,32,40,68,10,44,0.57,0.46,0.27,0.63,balanced_user
85,40,16,45,71,16,60,0.61,0.11,0.2,0.0,healthy_trend
70,43,9,30,72,6,23,0.65,0.42,0.1073227953973925,0.46,healthy_trend
73,37,52,20,66,8,29,0.76,0.44,0.39,0.64,healthy_trend
91,3,14,5,92,1,3,0.69,0.17,0.17,0.61,healthy_trend
87,12,10,16,87,15,64,0.61,0.05,0.38,0.67,healthy_trend
73,69,60,51,48,7,34,0.52,0.77,0.23,0.87,toxin_risk
67,43,61,53,52,10,46,0.65,0.58,0.16,0.71,balanced_user
78,62,35,20,65,16,72,0.75,0.6,0.10518618506829325,0.78,healthy_trend
93,34,26,0,83,9,33,0.83,0.27,0.05,0.7,healthy_trend
43,71,40,81,37,8,34,0.38,0.5,0.92,0.29,hormonal_risk
40,29,60,22,57,10,39,0.36,0.31,0.34,0.0,balanced_user
89,32,27,13,79,8,34,0.74,0.4,0.07,0.6,healthy_trend
56,48,34,26,62,13,51,0.51,0.45,0.13,0.53,balanced_user
91,48,44,11,72,1,11,0.76,0.35,0.02914228436882863,0.85,healthy_trend
82,56,18,21,71,18,64,0.73,0.42,0.39,0.5,healthy_trend
62,52,48,46,54,7,30,0.35,0.51,0.0,0.65,processed_food_heavy
63,48,31,0,71,16,62,0.62,0.55,0.14,0.87,healthy_trend
83,36,39,32,69,6,23,0.62,0.3,0.32,0.73,healthy_trend
55,79,87,52,34,7,28,0.26,0.89,0.01,0.91,processed_food_heavy
90,64,23,15,72,7,28,0.71,0.76,0.38,0.73,healthy_trend
56,48,27,15,66,8,31,0.61,0.54,0.26,0.68,balanced_user
92,39,19,35,74,8,24,0.75,0.4,0.34,0.7,healthy_trend
67,45,25,22,68,7,30,0.69,0.56,0.28,0.52,balanced_user
81,0,23,0,89,15,57,0.91,0.14,0.0171251450716117,0.51,healthy_trend
53,100,70,34,37,10,38,0.38,1.0,0.0,0.0,toxin_risk
69,61,83,69,39,6,23,0.07,0.5,0.09,0.92,processed_food_heavy
97,46,44,22,71,14,49,0.7,0.65,0.15,0.59,healthy_trend
70,54,63,20,58,8,37,0.75,0.58,0.12,0.68,balanced_user
50,66,71,60,38,1,8,0.45,0.51,0.43,0.3,hormonal_risk
74,57,44,23,62,4,15,0.56,0.46,0.01852948556767885,0.56,balanced_user
23,61,57,69,34,4,7,0.09,0.74,0.07630032961417005,0.94,processed_food_heavy
36,47,57,44,47,1,2,0.3,0.42,0.04,0.91,processed_food_heavy
42,53,43,48,49,7,30,0.52,0.63,0.12122799445369786,0.67,hormonal_risk
55,39,37,17,65,10,33,0.46,0.29,0.34,0.6,balanced_user
64,66,41,0,64,10,45,0.79,0.58,0.14,0.56,balanced_user
45,45,30,59,52,5,24,0.11,0.36,0.86,0.61,hormonal_risk
100,32,18,14,84,13,49,0.69,0.2,0.2,0.62,healthy_trend
63,47,32,19,66,13,55,0.52,0.51,0.19,0.6,balanced_user
28,34,43,53,49,7,25,0.46,0.38,0.64,0.68,hormonal_risk
30,62,85,49,33,8,38,0.32,0.7,0.08,0.66,processed_food_heavy
75,20,34,39,70,3,12,0.84,0.2,0.06285461225844442,0.5,healthy_trend
72,32,53,60,56,4,12,0.41,0.28,0.08,0.83,balanced_user
80,40,18,25,74,14,62,0.45,0.33,0.0,0.82,balanced_user
61,24,100,50,46,1,5,0.23,0.26,0.04,0.69,processed_food_heavy
57,75,54,45,45,2,9,0.42,0.63,0.24,0.93,toxin_risk
42,87,69,94,23,8,34,0.54,0.81,0.93,0.57,hormonal_risk
63,62,6,27,67,7,24,0.89,0.58,0.19,0.0,healthy_trend
47,46,59,45,49,8,28,0.56,0.55,0.29,0.0,toxin_risk
59,81,27,35,54,1,3,0.27,0.87,0.23,0.85,toxin_risk
80,30,4,16,82,3,13,0.78,0.41,0.25,0.78,balanced_user
60,49,46,50,53,5,11,0.07,0.55,0.01,0.69,processed_food_heavy
64,64,59,83,39,11,35,0.26,0.55,0.63,0.32,hormonal_risk
53,16,26,36,68,11,46,0.73,0.18,0.29,0.0,balanced_user
76,38,33,15,72,1,11,0.77,0.39,0.25,0.77,healthy_trend
26,74,83,21,37,2,9,0.31,0.85,0.04120287847027427,0.74,processed_food_heavy
78,5,14,0,89,2,12,0.62,0.34,0.24,0.9,healthy_trend
65,74,45,76,42,4,13,0.28,0.91,0.48,0.57,hormonal_risk
34,60,77,33,41,2,11,0.28,0.72,0.18,0.78,processed_food_heavy
40,64,100,80,24,5,20,0.32,0.77,0.04,0.93,processed_food_heavy
74,36,46,33,64,11,44,0.62,0.39,0.09,0.61,balanced_user
42,73,100,71,24,2,4,0.18,0.66,0.0,0.91,processed_food_heavy
54,37,57,83,44,2,1,0.28,0.43,0.48,0.53,hormonal_risk
70,52,40,14,66,7,28,0.51,0.47,0.12,0.6,balanced_user
64,61,63,20,55,3,8,0.24,0.4,0.14109700256811186,0.46,toxin_risk
42,37,51,38,54,11,51,0.52,0.25,0.3,0.58,toxin_risk
58,82,60,22,48,7,22,0.49,0.86,0.24,0.62,toxin_risk
40,100,35,69,34,3,13,0.14,1.0,0.66,0.63,hormonal_risk
17,81,44,77,28,4,7,0.17,0.85,0.0,0.66,hormonal_risk
66,86,51,2,56,9,41,0.29,0.77,0.09,0.73,toxin_risk
58,55,81,61,40,10,42,0.26,0.63,0.0,0.48,hormonal_risk
62,16,24,11,77,10,29,0.8,0.0,0.18,0.67,balanced_user
68,59,40,56,53,14,51,0.64,0.37,0.26,0.81,balanced_user
85,24,30,15,79,9,41,0.65,0.55,0.12,0.63,healthy_trend
100,63,37,45,63,12,49,0.45,0.7,0.24,0.72,toxin_risk
54,64,68,100,30,9,33,0.46,0.58,0.92,0.37,hormonal_risk
81,84,57,24,54,8,37,0.16,0.71,0.26,0.89,toxin_risk
38,78,44,12,51,4,18,0.27,0.69,0.16,0.68,toxin_risk
31,34,100,61,34,8,33,0.05,0.33,0.12,0.83,processed_food_heavy
62,58,60,23,55,12,49,0.47,0.6,0.11,0.56,toxin_risk
43,57,86,51,37,5,18,0.25,0.38,0.1,0.98,processed_food_heavy
54,67,93,34,40,8,32,0.22,0.68,0.11,0.67,processed_food_heavy
46,86,48,39,43,4,4,0.46,0.93,0.33,0.75,toxin_risk
100,45,51,44,65,2,8,0.75,0.48,0.29,0.73,healthy_trend
20,80,44,58,34,5,22,0.4,0.79,0.11,0.97,processed_food_heavy
47,45,61,48,48,12,45,0.44,0.62,0.5,0.2,hormonal_risk
55,83,52,43,44,4,12,0.56,0.8,0.25,0.56,toxin_risk
100,29,23,16,83,12,42,0.81,0.37,0.31,0.79,healthy_trend
36,46,60,16,53,4,8,0.54,0.49,0.05062115218360936,0.55,balanced_user
46,37,31,28,62,13,51,0.67,0.41,0.35,0.53,balanced_user
58,100,63,36,39,5,19,0.16,1.0,0.2,0.82,toxin_risk
52,70,75,42,41,8,27,0.25,0.71,0.0,0.66,toxin_risk
73,35,24,40,68,12,45,0.61,0.55,0.07801805644593515,0.62,balanced_user
49,86,65,49,37,2,12,0.21,0.76,0.08,0.0,processed_food_heavy
69,53,75,87,38,8,32,0.43,0.42,0.93,0.75,hormonal_risk
55,44,85,22,51,8,30,0.43,0.43,0.041047452536316975,0.68,processed_food_heavy
55,56,50,65,46,3,1,0.45,0.56,0.33,0.81,balanced_user
57,42,66,61,47,2,10,0.35,0.43,0.21,0.85,toxin_risk
62,85,64,56,39,6,21,0.19,0.96,0.01,0.91,processed_food_heavy
46,95,71,68,28,10,38,0.58,0.78,0.07,0.92,toxin_risk
57,60,51,57,47,7,28,0.47,0.4,0.12711618660313628,0.0,toxin_risk
57,80,33,83,40,8,38,0.42,0.93,0.33,0.0,hormonal_risk
40,65,35,63,44,10,38,0.24,0.56,0.89,0.31,hormonal_risk
64,42,27,12,70,1,1,0.9,0.42,0.08,0.48,healthy_trend
73,90,42,46,48,1,2,0.56,0.94,0.11,0.74,toxin_risk
73,73,55,81,41,3,13,0.33,0.84,0.66,0.54,hormonal_risk
37,56,41,9,57,13,54,0.52,0.62,0.34,0.63,balanced_user
57,58,100,72,31,1,4,0.44,0.35,0.06,0.0,processed_food_heavy
43,84,83,50,31,8,36,0.22,0.71,0.0,0.87,processed_food_heavy
52,93,44,15,50,9,37,0.44,0.82,0.22,0.53,toxin_risk
56,81,25,45,51,8,29,0.32,0.73,0.26,0.0,toxin_risk
72,100,23,52,49,5,18,0.6,1.0,0.25,0.83,toxin_risk
58,57,38,50,53,5,14,0.27,0.54,0.25,0.84,toxin_risk
6,54,67,67,29,3,9,0.26,0.57,0.03,0.74,processed_food_heavy
22,65,76,49,33,2,1,0.1,0.79,0.03,0.64,processed_food_heavy
48,83,91,42,33,8,29,0.02,0.86,0.0,0.89,processed_food_heavy
57,92,84,18,40,10,35,0.26,1.0,0.34,0.75,toxin_risk
90,82,61,41,51,10,35,0.27,0.72,0.26,0.47,toxin_risk
76,62,98,16,50,3,11,0.27,0.45,0.18,0.0,processed_food_heavy
67,83,25,10,62,11,41,0.79,0.59,0.18,0.76,balanced_user
64,81,54,98,32,6,23,0.25,0.84,0.68,0.0,hormonal_risk
70,61,65,64,45,2,5,0.38,0.51,0.89,0.23,hormonal_risk
25,72,42,100,27,5,23,0.48,0.61,0.33,0.74,hormonal_risk
61,100,64,36,40,4,20,0.28,1.0,0.11,0.81,toxin_risk
79,34,6,52,71,6,26,0.6,0.4,0.33,0.83,healthy_trend
93,26,41,5,80,7,28,0.72,0.38,0.34,0.76,healthy_trend
84,64,15,52,63,16,69,0.67,0.71,0.07,0.76,healthy_trend
66,66,61,54,46,11,47,0.42,0.64,0.89,0.0,hormonal_risk
49,62,69,59,39,6,23,0.28,0.44,0.039376779343973815,0.62,processed_food_heavy
50,61,65,29,48,14,60,0.42,0.56,0.05,0.73,balanced_user
53,25,42,49,59,6,23,0.73,0.33,0.0,0.73,balanced_user
49,48,42,66,48,3,14,0.5,0.47,0.86,0.0,hormonal_risk
61,44,33,63,55,10,47,0.44,0.51,0.5,0.45,hormonal_risk
44,67,81,58,34,8,33,0.45,0.55,0.18,0.6,processed_food_heavy
50,99,61,56,33,11,44,0.35,0.95,0.14,0.0,toxin_risk
71,63,72,48,47,14,58,0.65,0.58,0.28,0.59,balanced_user
59,99,43,47,42,8,25,0.19,1.0,0.26,0.76,toxin_risk
88,57,24,23,71,1,3,0.23,0.57,0.21,0.52,toxin_risk
100,44,24,16,79,13,55,0.8,0.3,0.23,0.64,healthy_trend
84,25,61,37,65,3,11,0.62,0.18,0.17,0.58,balanced_user
61,20,37,15,72,9,36,0.58,0.35,0.23,0.87,balanced_user
55,75,28,39,53,7,26,0.35,0.82,0.18,0.73,toxin_risk
29,70,62,66,32,2,1,0.11,0.75,0.14,0.73,processed_food_heavy
82,25,20,18,79,11,39,0.68,0.14,0.21,0.47,healthy_trend
49,67,15,42,56,14,52,0.76,0.75,0.3,0.89,healthy_trend
26,46,48,66,41,3,9,0.37,0.51,0.68,0.69,hormonal_risk
98,36,14,54,73,6,21,0.78,0.31,0.12942632415960784,0.66,balanced_user
100,16,19,33,83,1,1,0.67,0.41,0.2,0.47,healthy_trend
18,70,43,100,26,6,34,0.21,0.76,0.6,0.54,hormonal_risk
46,48,84,2,53,2,7,0.14,0.5,0.18,1.0,processed_food_heavy
60,31,25,42,65,6,24,0.37,0.2,0.06,0.47,balanced_user
82,63,36,65,54,7,34,0.4,0.55,0.35,0.76,toxin_risk
28,62,55,59,38,8,32,0.14,0.88,0.92,0.45,hormonal_risk
76,99,59,33,46,3,17,0.36,1.0,0.18,0.7,toxin_risk
77,65,34,100,44,11,39,0.16,0.6,0.53,0.0,hormonal_risk
18,60,87,56,28,3,4,0.03,0.78,0.07,0.71,processed_food_heavy
62,35,40,9,69,3,8,0.82,0.44,0.31,0.8,healthy_trend
64,39,49,99,44,12,47,0.34,0.55,0.61,0.44,hormonal_risk
60,63,57,9,57,3,17,0.43,0.49,0.08,0.61,toxin_risk
69,75,88,39,41,3,17,0.38,0.68,0.16,0.87,processed_food_heavy
62,0,40,45,69,7,19,0.76,0.08,0.1201658795028712,0.49,healthy_trend
55,58,52,28,54,5,13,0.47,0.57,0.07,0.0,balanced_user
78,73,26,78,50,7,25,0.21,0.78,0.43,0.58,hormonal_risk
93,57,28,29,69,4,15,0.45,0.71,0.35,0.0,balanced_user
47,79,45,36,46,9,33,0.34,0.8,0.22,0.64,toxin_risk
78,22,67,6,70,9,29,0.93,0.21,0.0,0.56,healthy_trend
70,47,9,0,78,12,46,0.89,0.16,0.05,0.65,healthy_trend
42,47,63,24,52,11,58,0.67,0.59,0.26,0.68,balanced_user
43,75,55,41,43,4,18,0.34,0.69,0.08,0.7,processed_food_heavy
74,36,39,6,73,16,58,0.93,0.42,0.24,0.76,healthy_trend
64,74,65,75,37,3,17,0.13,0.67,0.75,0.55,hormonal_risk
10,80,67,31,33,7,18,0.17,0.96,0.16,0.66,processed_food_heavy
47,48,57,100,35,2,14,0.53,0.61,0.82,0.42,hormonal_risk
71,39,48,39,61,1,8,0.55,0.43,0.72,0.68,hormonal_risk
46,44,47,91,41,8,25,0.44,0.27,0.91,0.38,hormonal_risk
51,46,59,62,46,4,15,0.17,0.41,0.3764549349864237,0.39,hormonal_risk
76,47,15,32,70,9,39,0.38,0.43,0.0733369571638631,0.55,balanced_user
62,52,34,24,63,13,52,0.75,0.51,0.04154514550802759,0.73,healthy_trend
94,36,24,13,80,10,36,0.81,0.4,0.18,0.76,healthy_trend
65,89,62,46,42,9,35,0.59,0.72,0.22,0.8,toxin_risk
100,17,2,0,95,18,76,0.64,0.09,0.37,0.67,healthy_trend
58,28,24,21,71,8,37,0.46,0.46,0.10243622128115693,0.47,balanced_user
79,50,32,25,68,9,40,0.58,0.47,0.21,0.78,healthy_trend
39,78,52,19,47,3,16,0.5,0.88,0.18,0.76,toxin_risk
59,85,77,63,33,1,1,0.21,0.92,0.0,0.87,toxin_risk
99,11,55,38,73,9,42,0.73,0.06,0.24,0.58,balanced_user
78,49,35,42,63,7,19,0.74,0.52,0.14,0.88,healthy_trend
50,66,74,51,39,3,9,0.03,0.83,0.012082375743153519,0.65,processed_food_heavy
46,61,41,2,60,8,33,0.38,0.4,0.06,0.43,balanced_user
45,69,75,61,35,7,33,0.4,0.68,0.08695323743984738,0.0,processed_food_heavy
69,38,11,87,58,9,29,0.42,0.22,0.44,0.43,hormonal_risk
70,21,39,29,70,14,60,0.4,0.61,0.24,0.46,balanced_user
63,97,100,61,26,8,38,0.03,1.0,0.03,0.89,processed_food_heavy
53,100,61,49,35,12,51,0.18,0.86,0.07979388593816741,0.47,toxin_risk
51,67,93,47,36,12,43,0.34,0.59,0.92,0.41,hormonal_risk
48,89,62,36,40,12,37,0.22,1.0,0.18,0.0,toxin_risk
41,64,39,39,49,9,35,0.51,0.78,0.144635525588053,0.5,toxin_risk
58,82,27,26,55,9,31,0.76,0.67,0.33,0.43,balanced_user
64,100,43,39,45,3,7,0.42,0.94,0.21,0.0,toxin_risk
82,71,43,86,45,2,3,0.39,0.7,0.87,0.73,hormonal_risk
84,31,44,44,66,6,26,0.9,0.45,0.0,0.7,healthy_trend
45,75,100,36,33,3,10,0.43,0.63,0.07,0.74,processed_food_heavy
86,55,55,22,63,11,40,0.46,0.58,0.0899703319128681,0.62,balanced_user
63,71,64,6,55,1,4,0.05,0.57,0.08,0.85,processed_food_heavy
81,91,68,100,30,2,8,0.47,0.77,0.31,0.6,hormonal_risk
45,72,75,52,36,8,38,0.06,0.82,0.0,0.88,processed_food_heavy
45,75,92,49,32,5,18,0.1,0.7,0.18,0.63,processed_food_heavy
58,62,36,24,59,11,47,0.35,0.64,0.26,0.65,toxin_risk
36,57,65,80,33,3,8,0.42,0.42,0.14267170519663105,0.47,toxin_risk
38,50,66,38,46,2,12,0.06,0.33,0.12,0.93,processed_food_heavy
93,36,63,42,63,5,23,0.51,0.55,0.030531895186277386,0.72,balanced_user
51,67,33,51,50,2,2,0.32,0.91,0.14,0.62,toxin_risk
74,83,50,36,51,11,41,0.41,0.96,0.27,0.0,toxin_risk
74,25,0,15,83,18,77,0.56,0.17,0.32,0.65,healthy_trend
62,42,69,64,46,3,10,0.12,0.36,0.47,0.21,hormonal_risk
55,24,41,51,59,3,16,0.77,0.5,0.05052387214477873,0.89,balanced_user
54,72,55,37,47,5,13,0.39,0.75,0.08,0.69,toxin_risk
70,35,53,34,62,5,20,0.56,0.42,0.07,0.76,balanced_user
59,69,58,83,37,10,36,0.47,0.5,0.36,0.34,hormonal_risk
19,55,87,100,19,7,31,0.3,0.67,0.47,0.65,hormonal_risk
86,56,46,81,50,1,8,0.26,0.42,0.66,0.5,hormonal_risk
84,25,39,11,77,6,28,0.59,0.02,0.19,0.89,balanced_user
47,62,70,31,46,12,54,0.33,0.7,0.27,0.64,toxin_risk
73,58,38,100,44,7,27,0.29,0.72,0.46,0.28,hormonal_risk
54,29,46,16,65,11,51,0.6,0.45,0.28,0.83,balanced_user
57,54,29,41,58,14,46,0.6,0.43,0.1,0.46,balanced_user
58,66,81,26,46,1,3,0.16,0.89,0.06130311160868126,0.94,processed_food_heavy
68,64,21,93,47,4,12,0.48,0.58,0.58,0.28,hormonal_risk
34,36,74,33,47,3,10,0.25,0.34,0.06,0.73,processed_food_heavy
36,63,59,11,50,8,28,0.61,0.73,0.17,0.51,balanced_user
48,69,52,47,45,3,17,0.4,0.68,0.05,0.0,processed_food_heavy
81,34,11,41,73,9,45,0.6,0.26,0.14,0.75,healthy_trend
62,86,43,35,49,12,42,0.52,0.79,0.0,0.62,toxin_risk
91,51,27,6,76,12,48,0.74,0.38,0.3,0.78,healthy_trend
32,61,57,87,31,12,56,0.41,0.66,0.4,0.49,hormonal_risk
24,47,84,41,38,2,11,0.41,0.21,0.06,0.7,processed_food_heavy
71,31,0,33,76,6,23,0.8,0.31,0.10263787920229923,0.57,healthy_trend
14,60,71,63,30,8,37,0.31,0.58,0.8,0.44,hormonal_risk
30,87,99,59,21,5,7,0.16,0.86,0.0,0.71,processed_food_heavy
69,83,23,11,63,10,47,0.68,0.86,0.13,0.59,balanced_user
56,39,32,26,64,6,19,0.77,0.41,0.0,0.42,balanced_user
56,55,88,56,39,6,19,0.38,0.75,0.03,0.87,processed_food_heavy
61,55,70,65,42,2,16,0.3,0.48,0.06,0.64,processed_food_heavy
81,60,45,13,65,10,42,0.53,0.64,0.0,0.41,balanced_user
77,31,32,3,77,3,10,0.59,0.4,0.3,0.7,healthy_trend
29,87,69,52,30,7,25,0.37,0.8,0.03,0.88,processed_food_heavy
42,46,17,54,56,3,10,0.73,0.34,0.22,0.0,balanced_user
51,55,75,29,48,3,11,0.58,0.44,0.18,0.5,toxin_risk
61,90,50,89,33,6,18,0.52,0.88,0.83,0.24,hormonal_risk
38,61,69,43,41,1,3,0.29,0.76,0.2,0.67,processed_food_heavy
40,47,64,70,39,10,31,0.5,0.53,0.84,0.29,hormonal_risk
66,70,68,74,38,9,38,0.42,0.83,0.7,0.54,hormonal_risk
18,62,97,37,30,2,4,0.15,0.35,0.18,0.95,processed_food_heavy
69,49,96,53,42,5,23,0.44,0.5,0.09,0.99,processed_food_heavy
39,65,58,76,35,6,24,0.5,0.92,0.11109465851936982,0.55,hormonal_risk
37,56,81,52,37,3,9,0.38,0.41,0.17,0.77,processed_food_heavy
75,0,28,57,72,4,18,0.43,0.04,0.3,0.62,balanced_user
40,50,60,67,40,2,2,0.2,0.27,0.003404539884436789,0.96,processed_food_heavy
29,57,92,33,36,6,24,0.17,0.69,0.0,0.79,processed_food_heavy
100,44,35,11,77,16,60,0.66,0.6,0.3,0.54,healthy_trend
84,43,81,48,53,7,39,0.2,0.57,0.8,0.29,hormonal_risk
50,74,68,19,47,6,33,0.54,0.77,0.14,0.62,balanced_user
46,48,99,25,43,3,18,0.27,0.64,0.0,0.77,processed_food_heavy
61,55,87,45,43,4,15,0.02,0.71,0.14,0.75,processed_food_heavy
65,89,43,29,51,6,32,0.43,0.86,0.22,0.73,toxin_risk
78,48,24,8,74,18,61,0.94,0.47,0.0,0.85,healthy_trend
54,85,39,71,39,2,10,0.53,0.89,0.47,0.35,hormonal_risk
85,40,21,2,80,15,63,0.69,0.53,0.19,0.65,healthy_trend
64,9,46,9,75,4,26,0.45,0.19,0.1,0.49,balanced_user
63,85,55,60,40,8,39,0.2,0.96,0.1,0.84,processed_food_heavy
57,100,70,10,44,2,9,0.41,0.97,0.09,0.48,toxin_risk
46,67,93,42,36,8,25,0.25,0.59,0.07,0.67,processed_food_heavy
83,58,45,1,69,14,53,0.75,0.71,0.08,0.45,balanced_user
88,71,35,42,60,12,49,0.73,0.61,0.12,0.6,healthy_trend
82,16,21,28,79,15,62,0.92,0.0,0.4,0.62,healthy_trend
60,59,75,85,35,8,23,0.51,0.4,0.93,0.33,hormonal_risk
20,78,86,31,31,6,28,0.22,0.81,0.04,0.0,processed_food_heavy
33,65,34,60,43,4,21,0.15,0.6,0.05,0.56,toxin_risk
49,49,78,58,41,5,16,0.4,0.64,0.0,0.8,processed_food_heavy
51,57,26,60,52,9,44,0.12,0.69,0.45,0.34,hormonal_risk
64,90,65,47,40,1,9,0.44,1.0,0.12,0.96,processed_food_heavy
64,54,66,91,38,1,7,0.26,0.41,0.8,0.57,hormonal_risk
69,50,56,19,61,7,32,0.65,0.17,0.38,0.86,healthy_trend
81,69,51,45,54,3,14,0.48,0.79,0.19,0.83,toxin_risk
43,40,0,18,71,3,18,0.6,0.36,0.0,0.61,healthy_trend
28,42,88,0,49,8,39,0.36,0.31,0.14,0.64,processed_food_heavy
57,60,29,18,62,3,11,0.84,0.68,0.18,0.47,healthy_trend
57,55,76,48,44,6,21,0.12,0.3,0.09,0.72,processed_food_heavy
40,38,24,34,61,8,32,0.61,0.34,0.1,0.45,balanced_user
50,55,100,51,36,1,1,0.22,0.65,0.13,0.72,processed_food_heavy
14,77,59,27,37,7,22,0.29,0.83,0.13,0.62,processed_food_heavy
63,42,88,85,37,4,10,0.54,0.5,0.63,0.7,hormonal_risk
87,62,72,33,55,3,7,0.3,0.69,0.25,0.93,toxin_risk
26,68,58,88,28,1,7,0.35,0.83,0.1525154906340557,0.63,hormonal_risk
39,68,90,67,28,7,41,0.04,0.6,0.19,0.74,processed_food_heavy
57,5,39,37,69,7,20,0.56,0.03,0.28,0.77,balanced_user
60,80,54,47,44,7,21,0.18,0.8,0.44,0.51,hormonal_risk
44,84,31,100,32,10,53,0.23,0.93,0.84,0.5,hormonal_risk
20,73,83,42,30,3,11,0.03,0.48,0.11,0.63,processed_food_heavy
82,76,64,86,39,2,8,0.55,0.81,0.92,0.29,hormonal_risk
49,81,47,36,46,1,9,0.5,0.77,0.19,0.75,toxin_risk
95,26,16,52,75,17,67,0.89,0.2,0.0,0.0,healthy_trend
43,75,67,56,36,7,22,0.29,0.73,0.35,0.42,hormonal_risk
50,31,63,50,51,4,12,0.19,0.23,0.89,0.51,hormonal_risk
67,64,23,100,45,12,46,0.15,0.52,0.76,0.34,hormonal_risk
39,65,55,65,38,6,24,0.11,0.84,0.62,0.64,hormonal_risk
81,23,41,0,79,9,34,0.94,0.4,0.38,0.78,healthy_trend
76,75,46,28,56,2,8,0.44,0.61,0.0,0.79,toxin_risk
98,51,55,36,64,12,47,0.82,0.61,0.36,0.73,healthy_trend
18,85,100,41,23,5,26,0.22,0.9,0.0,1.0,processed_food_heavy
74,53,9,0,78,8,33,0.57,0.58,0.08932195145678326,0.68,healthy_trend
56,62,31,33,57,7,33,0.64,0.73,0.22,0.78,balanced_user
59,4,61,31,65,7,27,0.77,0.2,0.11,0.0,balanced_user
25,77,100,44,26,6,15,0.13,0.81,0.18,0.75,processed_food_heavy
56,52,62,27,53,8,31,0.64,0.42,0.24,0.83,balanced_user
81,50,39,8,71,3,1,0.88,0.4,0.35,0.59,healthy_trend
97,21,23,12,85,8,28,0.82,0.28,0.25,0.76,healthy_trend
55,53,32,74,49,5,19,0.47,0.38,0.77,0.41,hormonal_risk
59,52,50,84,43,7,24,0.46,0.73,0.8,0.43,hormonal_risk
37,89,52,75,30,2,7,0.18,0.79,0.34,0.38,hormonal_risk
57,100,26,29,50,5,10,0.38,1.0,0.16,0.91,toxin_risk
53,2,15,4,83,9,40,0.71,0.08,0.25,0.63,healthy_trend
65,68,36,30,57,3,3,0.52,0.77,0.27,0.72,toxin_risk
60,71,55,22,53,6,27,0.47,0.76,0.0,0.7,toxin_risk
93,80,71,35,51,3,17,0.39,0.99,0.29,0.54,toxin_risk
39,74,56,27,45,3,13,0.3,0.68,0.28,0.81,toxin_risk
51,75,59,71,36,11,39,0.32,0.92,0.64,0.39,hormonal_risk
100,21,31,26,80,8,34,0.66,0.17,0.0,0.0,healthy_trend
56,85,91,64,29,7,28,0.15,0.86,0.3483202906952534,0.72,hormonal_risk
59,44,51,0,66,9,35,0.67,0.42,0.05779327628322626,0.7,healthy_trend
52,16,27,0,77,2,6,0.47,0.09,0.1,0.46,balanced_user
59,64,50,0,61,9,39,0.39,0.74,0.05,0.45,balanced_user
75,69,65,54,46,10,49,0.57,0.6,0.35,0.6,toxin_risk
65,0,21,22,80,18,75,0.81,0.07,0.28,0.53,healthy_trend
77,55,95,23,51,2,9,0.11,0.45,0.19,0.84,processed_food_heavy
32,82,48,53,37,5,18,0.6,0.74,0.26,0.65,toxin_risk
25,73,68,74,27,7,20,0.26,0.53,0.01,0.97,processed_food_heavy
74,37,27,0,77,11,39,0.86,0.53,0.15,0.81,healthy_trend
49,100,59,69,30,3,11,0.3,1.0,0.04,0.82,processed_food_heavy
97,41,57,19,70,14,55,0.4,0.26,0.14,0.64,balanced_user
95,30,2,35,82,17,71,0.72,0.29,0.0,0.9,healthy_trend
26,53,37,34,50,10,36,0.6,0.59,0.19,0.57,balanced_user
44,47,31,33,58,10,38,0.61,0.54,0.08794181909448302,0.45,balanced_user
43,47,60,16,55,3,13,0.64,0.3,0.2,0.44,balanced_user
75,29,60,38,62,3,10,0.5,0.06,0.07,0.85,balanced_user
54,80,42,17,53,1,1,0.49,0.83,0.31,0.47,toxin_risk
67,100,41,18,52,2,3,0.28,1.0,0.22,0.65,toxin_risk
58,75,28,19,59,1,9,0.59,0.84,0.32,0.6,healthy_trend
71,53,34,22,65,3,9,0.45,0.56,0.1418827628473845,0.59,balanced_user
57,8,25,20,76,10,43,0.53,0.14,0.29,0.74,balanced_user
60,43,48,14,63,14,59,0.42,0.35,0.32,0.66,balanced_user
27,60,8,52,51,5,21,0.27,0.48,0.27,0.65,toxin_risk
61,87,98,43,33,7,29,0.14,0.71,0.15,0.81,processed_food_heavy
47,43,4,24,69,15,54,0.93,0.59,0.19,0.78,healthy_trend
72,58,54,70,47,10,46,0.46,0.47,0.73,0.21,hormonal_risk
52,71,13,58,52,12,52,0.38,0.68,0.19003534303009978,0.48,hormonal_risk
33,42,43,22,56,4,22,0.42,0.43,0.22,0.67,balanced_user
6,78,100,53,18,3,19,0.18,0.95,0.0,0.0,processed_food_heavy
53,18,33,41,65,12,46,0.68,0.24,0.15,0.69,balanced_user
43,100,76,30,34,2,21,0.41,1.0,0.26,0.92,toxin_risk
51,40,74,39,49,3,12,0.43,0.29,0.09,0.61,processed_food_heavy
41,86,85,61,27,4,13,0.36,0.86,0.12,0.93,processed_food_heavy
60,89,11,48,53,4,18,0.41,0.73,0.14,0.7,toxin_risk
44,45,59,64,44,3,10,0.47,0.52,0.73,0.63,hormonal_risk
45,85,38,91,32,2,3,0.41,0.92,0.37540524949234816,0.5,hormonal_risk
72,33,8,24,76,10,36,0.82,0.28,0.16,0.84,healthy_trend
65,26,34,0,76,18,75,0.7,0.12,0.27,0.61,healthy_trend
54,73,76,88,29,8,32,0.27,0.85,0.34,0.23,hormonal_risk
65,57,76,70,40,5,23,0.21,0.65,0.03,0.97,processed_food_heavy
67,87,100,47,33,6,18,0.19,0.79,0.14,0.8,processed_food_heavy
56,30,38,69,54,8,30,0.12,0.35,0.39,0.6,hormonal_risk
71,68,72,0,57,11,46,0.78,0.86,0.11,0.46,balanced_user
42,44,30,15,63,11,47,0.48,0.31,0.07399879285842859,0.8,balanced_user
74,27,20,8,79,13,48,0.52,0.07,0.06,0.65,balanced_user
44,100,57,77,27,7,29,0.24,0.88,0.58,0.27,hormonal_risk
36,61,60,50,41,3,7,0.15,0.59,0.05,0.69,processed_food_heavy
25,77,67,100,20,1,1,0.48,0.67,0.44,0.71,hormonal_risk
33,85,30,9,52,4,14,0.45,0.7,0.11504232963003354,0.59,toxin_risk
39,82,40,4,53,2,13,0.23,0.85,0.19,0.0,toxin_risk
59,46,47,66,50,8,42,0.16,0.5,0.47,0.66,hormonal_risk
66,89,61,10,51,3,10,0.46,0.97,0.23,0.69,toxin_risk
55,40,17,23,68,7,31,0.47,0.6,0.23,0.0,balanced_user
18,70,84,33,32,1,1,0.05,0.8,0.11,0.0,processed_food_heavy
94,19,31,27,79,3,8,0.71,0.39,0.12829409117244955,0.7,healthy_trend
38,89,76,47,31,1,7,0.23,0.88,0.26,0.88,toxin_risk
73,63,32,30,62,10,40,0.44,0.7,0.16,0.63,balanced_user
39,83,80,29,36,4,13,0.38,0.8,0.0,0.91,toxin_risk
44,76,24,3,60,3,6,0.29,0.55,0.048304471598764526,0.94,toxin_risk
54,84,32,17,55,5,30,0.17,0.63,0.02411546136325493,0.89,toxin_risk
56,84,91,25,39,1,3,0.26,1.0,0.030704813438183123,0.93,processed_food_heavy
58,17,32,38,67,13,47,0.64,0.24,0.13,0.79,balanced_user
62,54,35,87,46,5,21,0.53,0.44,0.31,0.6,hormonal_risk
58,56,46,9,61,4,13,0.76,0.7,0.27,0.65,balanced_user
21,70,57,23,42,8,28,0.3,0.96,0.01,0.86,processed_food_heavy
21,98,77,45,25,1,1,0.05,0.99,0.02,0.93,processed_food_heavy
40,30,86,53,42,4,13,0.38,0.37,0.13,0.9,processed_food_heavy
34,36,38,0,65,7,18,0.58,0.54,0.2,0.53,balanced_user
71,83,46,73,42,2,3,0.33,0.83,0.88,0.59,hormonal_risk
37,18,78,27,53,12,57,0.56,0.25,0.0,0.85,balanced_user
67,76,27,56,52,4,16,0.3,0.78,0.63,0.3,hormonal_risk
43,43,32,42,56,10,37,0.58,0.42,0.06,0.0,balanced_user
61,32,25,47,64,17,69,0.75,0.49,0.38,0.53,healthy_trend
69,34,20,40,68,16,70,0.82,0.07,0.26,0.9,healthy_trend
38,49,75,66,37,1,1,0.44,0.59,0.01843249087779258,0.81,processed_food_heavy
75,19,33,29,73,7,25,0.61,0.02,0.37,0.61,healthy_trend
61,13,57,23,67,16,56,0.87,0.0,0.07,0.62,healthy_trend
68,69,60,95,36,6,16,0.53,0.64,0.78,0.0,hormonal_risk
58,47,42,100,42,11,41,0.37,0.32,0.55,0.5,hormonal_risk
53,61,39,93,40,4,12,0.33,0.58,0.76,0.0,hormonal_risk
79,54,44,63,54,5,15,0.49,0.34,0.23,0.83,balanced_user
57,59,26,32,60,9,39,0.48,0.61,0.15,0.75,balanced_user
61,26,30,4,75,9,39,0.73,0.28,0.32,0.65,balanced_user
74,77,77,43,44,1,7,0.09,0.65,0.19,0.67,processed_food_heavy
47,60,83,61,35,8,26,0.29,0.49,0.16,0.8,processed_food_heavy
67,82,31,40,53,3,10,0.29,0.94,0.31,0.0,toxin_risk
54,22,47,23,65,3,15,0.41,0.19,0.16,0.88,balanced_user
37,65,49,37,46,1,6,0.03,0.69,0.02,0.63,processed_food_heavy
62,21,32,28,70,8,26,0.73,0.22,0.27,0.54,balanced_user
56,56,59,27,53,3,13,0.25,0.59,0.0,0.85,processed_food_heavy
64,49,71,34,52,2,10,0.74,0.51,0.12,0.69,balanced_user
40,62,74,24,45,5,10,0.18,0.6,0.02,0.77,processed_food_heavy
52,64,62,100,31,3,3,0.35,0.6,0.75,0.0,hormonal_risk
71,86,33,4,62,6,28,0.31,0.82,0.1,0.91,toxin_risk
62,9,2,7,86,10,42,0.73,0.14,0.11,0.0,healthy_trend
57,53,15,63,56,4,17,0.11,0.46,0.68,0.7,hormonal_risk
79,12,11,35,80,18,81,0.79,0.09,0.26,0.74,healthy_trend
64,94,0,82,47,12,52,0.24,0.94,0.12106327367297079,0.0,hormonal_risk
78,81,57,27,53,2,1,0.21,1.0,0.043054790030790685,0.53,toxin_risk
64,74,36,61,48,11,49,0.41,0.5,0.46,0.45,hormonal_risk
38,52,20,83,45,10,41,0.43,0.41,0.81,0.68,hormonal_risk
35,77,72,66,30,6,30,0.29,0.56,0.11,0.95,toxin_risk
72,81,60,75,39,7,29,0.2,0.83,0.71,0.26,hormonal_risk
87,40,49,0,74,11,41,0.92,0.25,0.15,0.76,healthy_trend
70,51,30,0,72,7,27,0.46,0.74,0.32,0.55,balanced_user
53,95,76,43,34,2,4,0.41,0.96,0.10644921060257449,0.7,processed_food_heavy
69,57,19,30,65,7,32,0.26,0.81,0.05,0.58,toxin_risk
37,54,42,46,48,12,47,0.69,0.47,0.14,0.61,balanced_user
41,67,61,90,30,9,34,0.31,0.7,0.83,0.61,hormonal_risk
90,28,41,0,80,3,20,0.7,0.32,0.32,0.58,healthy_trend
0,76,93,37,23,2,1,0.28,0.71,0.19,0.74,processed_food_heavy
44,50,31,40,55,5,20,0.44,0.57,0.19,0.82,balanced_user
63,63,37,13,62,3,19,0.21,0.8,0.0,0.0,toxin_risk
50,70,0,27,63,15,50,0.95,0.74,0.32,0.54,healthy_trend
63,31,18,32,70,17,65,0.68,0.45,0.19,0.0,healthy_trend
64,40,14,60,62,3,10,0.76,0.44,0.0,0.66,balanced_user
59,72,83,100,26,10,41,0.52,0.61,0.44,0.48,hormonal_risk
75,30,74,38,58,2,6,0.5,0.31,0.27,0.71,balanced_user
48,81,41,53,43,9,31,0.47,1.0,0.34,0.47,toxin_risk
52,62,72,15,50,2,12,0.45,0.49,0.09,0.84,processed_food_heavy
56,18,21,9,77,10,46,0.57,0.04,0.13,0.82,healthy_trend
79,55,72,90,40,2,16,0.18,0.54,0.37590375960931677,0.32,hormonal_risk
76,0,39,24,78,18,75,0.55,0.01,0.0,0.45,healthy_trend
73,53,72,29,54,15,62,0.88,0.44,0.12,0.82,healthy_trend
61,41,67,16,59,16,70,0.89,0.3,0.12,0.59,healthy_trend
68,26,25,21,74,9,31,0.71,0.36,0.04603234962735758,0.54,balanced_user
60,100,51,51,39,12,52,0.3,1.0,0.28,0.57,toxin_risk
49,52,10,71,54,4,13,0.33,0.48,0.61,0.33,hormonal_risk
52,94,76,68,28,3,13,0.29,0.93,0.07,0.85,processed_food_heavy
88,7,26,29,81,9,31,0.81,0.12,0.07013421111580416,0.84,healthy_trend
54,30,32,53,59,14,52,0.89,0.39,0.37,0.61,healthy_trend
46,69,85,51,35,1,6,0.43,0.55,0.08,0.7,processed_food_heavy
39,44,82,57,39,10,41,0.21,0.19,0.54,0.61,hormonal_risk
56,44,59,88,41,10,39,0.29,0.62,0.39,0.43,hormonal_risk
98,45,30,5,79,7,34,0.94,0.14,0.06,0.77,healthy_trend
57,83,58,75,35,7,22,0.37,0.82,0.18,0.74,toxin_risk
73,84,53,48,47,6,21,0.37,0.63,0.25,0.72,toxin_risk
41,62,59,73,36,10,49,0.31,0.73,0.37,0.36,hormonal_risk
57,100,78,38,35,5,21,0.27,0.97,0.05,0.62,processed_food_heavy
37,59,76,81,30,12,40,0.54,0.63,0.47,0.59,hormonal_risk
64,71,74,61,39,6,30,0.34,0.94,0.0,0.67,hormonal_risk
60,60,61,37,50,11,50,0.54,0.68,0.28,0.51,toxin_risk
38,59,79,40,40,8,37,0.08,0.49,0.11,0.6,processed_food_heavy
65,20,99,36,52,3,13,0.17,0.48,0.18,0.82,processed_food_heavy
53,53,54,85,40,5,18,0.13,0.36,0.62,0.21,hormonal_risk
100,0,10,30,90,15,65,0.75,0.0,0.26,0.5,healthy_trend
49,75,62,12,50,7,25,0.56,0.65,0.11,0.75,toxin_risk
83,35,27,32,72,3,18,0.6,0.47,0.23,0.5,balanced_user
54,69,15,0,67,13,48,0.66,0.68,0.14316429921594043,0.79,healthy_trend
47,100,68,22,39,5,14,0.35,1.0,0.08,0.63,toxin_risk
34,80,65,59,32,5,16,0.33,0.79,0.09,0.57,toxin_risk
35,56,37,7,58,6,25,0.67,0.3,0.0,0.64,balanced_user
84,18,39,3,81,7,25,0.82,0.23,0.09,0.81,healthy_trend
39,50,87,34,42,5,10,0.22,0.38,0.11,0.83,processed_food_heavy
44,91,50,56,36,9,33,0.22,0.61,0.13,0.0,toxin_risk
59,40,0,14,76,10,39,0.62,0.43,0.12,0.46,healthy_trend
89,3,58,33,73,2,8,0.62,0.0,0.24,0.58,healthy_trend
99,45,25,23,76,16,63,0.8,0.53,0.15,0.78,healthy_trend
73,21,31,42,69,13,49,0.7,0.13,0.09272302217918021,0.9,healthy_trend
68,70,94,80,31,7,26,0.41,0.59,0.86,0.42,hormonal_risk
68,79,57,100,33,1,3,0.38,0.7,0.31,0.54,hormonal_risk
53,49,45,39,55,7,30,0.18,0.5,0.33,0.82,toxin_risk
60,52,25,71,53,2,6,0.49,0.53,0.0,0.42,hormonal_risk
50,67,52,73,39,5,26,0.24,0.64,0.86,0.6,hormonal_risk
60,75,62,40,45,2,6,0.19,0.75,0.13,0.66,toxin_risk
65,57,43,48,54,4,10,0.72,0.59,0.0,0.81,balanced_user
86,44,18,26,74,5,21,0.48,0.54,0.14,0.6,balanced_user
69,23,36,13,74,3,12,0.68,0.0,0.17,0.85,balanced_user
47,55,38,100,38,4,14,0.48,0.49,0.4201827849799426,0.54,hormonal_risk
73,59,58,23,58,9,34,0.46,0.33,0.21,0.47,toxin_risk
76,100,52,32,48,12,41,0.19,0.93,0.32,0.0,toxin_risk
80,25,34,61,65,6,18,0.25,0.25,0.23,0.78,toxin_risk
55,31,58,22,61,13,45,0.71,0.36,0.0,0.41,balanced_user
67,48,62,23,58,12,48,0.55,0.55,0.27,0.61,balanced_user
71,61,23,64,55,12,41,0.36,0.57,0.28,0.47,toxin_risk
36,58,94,47,34,8,33,0.31,0.68,0.02,0.94,processed_food_heavy
38,52,84,46,39,2,14,0.13,0.59,0.17,0.67,processed_food_heavy
61,72,64,34,47,5,21,0.46,0.92,0.07775223036984306,0.86,toxin_risk
38,63,50,39,46,10,42,0.57,0.61,0.07,0.63,balanced_user
94,72,10,35,69,7,23,0.55,0.86,0.33,0.93,toxin_risk
90,29,50,12,74,6,21,0.85,0.18,0.4,0.8,healthy_trend
44,70,23,37,53,13,50,0.47,0.58,0.11,0.57,balanced_user
85,43,30,18,73,2,11,0.64,0.23,0.27,0.46,healthy_trend
43,53,75,50,41,2,4,0.04,0.61,0.14,0.62,processed_food_heavy
34,43,26,59,51,8,36,0.41,0.5,0.3252908577897763,0.35,hormonal_risk
52,35,24,10,70,2,10,0.77,0.42,0.31,0.49,healthy_trend
50,80,30,54,46,2,11,0.43,0.88,0.63,0.57,hormonal_risk
58,59,15,52,58,13,45,0.76,0.4,0.19,0.84,healthy_trend
71,52,41,10,67,11,38,0.84,0.47,0.16,0.0,healthy_trend
43,76,40,73,38,9,32,0.15,0.86,0.77,0.0,hormonal_risk
70,76,51,50,48,5,29,0.3,0.85,0.34,0.71,toxin_risk
23,56,28,91,37,7,30,0.46,0.76,0.16623206786447012,0.74,hormonal_risk
83,45,33,22,70,18,75,0.78,0.34,0.34,0.81,healthy_trend
100,3,22,7,92,12,47,0.91,0.04,0.15,0.64,healthy_trend
54,89,91,61,28,1,2,0.2,1.0,0.19,0.86,processed_food_heavy
45,79,72,26,42,2,7,0.26,0.77,0.02932292935155009,0.53,toxin_risk
65,72,35,100,39,2,1,0.55,0.63,0.3388112697260731,0.68,hormonal_risk
66,62,77,88,34,5,16,0.23,0.64,0.73,0.68,hormonal_risk
62,74,55,100,33,12,48,0.48,0.61,0.59,0.63,hormonal_risk
69,19,26,22,75,10,32,0.78,0.07,0.22,0.53,healthy_trend
50,24,54,50,55,13,48,0.42,0.37,0.09,0.74,balanced_user
36,71,77,19,42,7,32,0.19,0.9,0.09,0.68,processed_food_heavy
36,23,47,67,49,10,35,0.31,0.19,0.48,0.4,hormonal_risk
70,68,9,18,68,8,33,0.59,0.72,0.33,0.45,healthy_trend
74,48,61,20,61,8,28,0.83,0.54,0.051815140883212894,0.85,healthy_trend
60,66,65,97,33,7,36,0.32,0.65,0.8,0.45,hormonal_risk
34,73,81,28,38,2,3,0.23,0.78,0.1,0.87,processed_food_heavy
45,58,71,75,35,12,51,0.53,0.49,0.38,0.71,hormonal_risk
29,60,77,52,35,2,4,0.33,0.49,0.1,0.0,processed_food_heavy
75,67,44,28,59,4,7,0.39,0.48,0.11,0.79,balanced_user
81,25,39,28,72,6,23,0.64,0.22,0.25,0.59,healthy_trend
92,37,20,8,81,18,76,0.95,0.28,0.06236800077594814,0.0,healthy_trend
73,64,60,23,56,10,31,0.57,0.54,0.16,0.65,healthy_trend
54,13,57,19,66,12,47,0.45,0.19,0.22,0.42,balanced_user
58,63,47,100,37,9,32,0.43,0.59,0.66,0.51,hormonal_risk
47,54,70,100,30,11,43,0.14,0.68,0.9,0.56,hormonal_risk
67,31,46,28,65,13,51,0.71,0.47,0.06,0.56,balanced_user
53,67,42,13,57,4,27,0.52,0.63,0.33,0.82,balanced_user
44,100,64,63,29,3,14,0.36,0.99,0.07,0.83,processed_food_heavy
66,44,32,49,60,18,80,0.87,0.4,0.14,0.82,healthy_trend
65,64,49,24,57,12,50,0.22,0.62,0.08,0.86,toxin_risk
38,82,74,22,40,7,24,0.38,0.99,0.01,0.82,processed_food_heavy
51,49,15,14,68,9,33,0.74,0.49,0.22,0.7,balanced_user
72,40,11,36,71,14,52,0.57,0.45,0.06,0.0,balanced_user
53,100,36,62,38,4,14,0.35,0.95,0.13,0.86,toxin_risk
41,4,53,36,62,13,55,0.57,0.0,0.11586120880286388,0.87,balanced_user
75,81,46,77,42,2,15,0.42,1.0,0.0,0.56,hormonal_risk
35,65,45,87,34,8,27,0.2,0.56,0.82,0.55,hormonal_risk
45,66,17,61,50,7,26,0.12,0.78,0.9,0.42,hormonal_risk
54,54,59,15,56,2,9,0.15,0.71,0.07,0.9,processed_food_heavy
18,82,79,28,32,2,1,0.24,0.82,0.004354756666482011,0.6,processed_food_heavy
39,66,14,81,44,10,48,0.31,0.77,0.23556812084626155,0.36,hormonal_risk
62,65,49,86,40,1,4,0.4,0.63,0.51,0.69,hormonal_risk
64,47,36,37,61,3,13,0.49,0.49,0.14,0.41,balanced_user
36,31,70,31,51,7,27,0.51,0.37,0.0,0.77,balanced_user
60,79,76,79,31,10,49,0.36,0.6,0.74,0.27,hormonal_risk
69,70,47,18,58,6,21,0.44,0.66,0.24,0.54,balanced_user
62,24,1,13,81,11,44,0.86,0.19,0.15,0.88,healthy_trend
28,43,33,67,46,1,1,0.46,0.31,0.15,0.47,balanced_user
46,68,64,63,37,3,2,0.18,0.79,0.11,0.84,processed_food_heavy
54,65,70,42,44,2,8,0.27,0.75,0.07,0.78,toxin_risk
40,100,62,16,40,8,31,0.43,1.0,0.0,0.57,toxin_risk
24,79,100,42,25,3,7,0.22,0.81,0.07,0.78,processed_food_heavy
59,13,45,34,66,18,68,0.74,0.16,0.06,0.65,healthy_trend
78,31,16,7,81,18,70,0.65,0.23,0.12,0.8,healthy_trend
59,100,53,9,49,5,20,0.21,1.0,0.11430247675027627,0.72,toxin_risk
75,30,48,36,65,1,1,0.47,0.33,0.31,0.0,balanced_user
93,58,10,8,79,12,45,0.73,0.52,0.32,0.71,healthy_trend
62,39,49,84,47,9,36,0.15,0.39,0.7,0.5,hormonal_risk
85,0,29,0,89,9,33,0.82,0.0,0.13,0.61,healthy_trend
51,67,41,24,54,10,39,0.37,0.63,0.35,0.5,toxin_risk
50,64,24,84,44,1,3,0.3,0.64,0.91,0.23,hormonal_risk
74,45,26,39,66,5,29,0.63,0.46,0.12,0.67,balanced_user
40,57,72,77,33,3,6,0.41,0.51,0.33,0.57,hormonal_risk
55,65,60,19,52,9,26,0.39,0.61,0.1,0.65,balanced_user
61,79,43,100,34,4,16,0.18,0.95,0.82,0.55,hormonal_risk
62,36,44,28,63,10,43,0.65,0.31,0.33,0.4,balanced_user
56,42,43,37,58,8,30,0.75,0.58,0.31,0.82,balanced_user
100,33,19,19,82,5,22,0.43,0.14,0.34,0.68,balanced_user
59,68,48,59,46,7,23,0.29,0.57,0.0,0.26,hormonal_risk
90,50,41,11,72,7,28,0.92,0.66,0.23,0.89,healthy_trend
35,67,50,42,44,4,11,0.31,0.6,0.17,0.6,processed_food_heavy
51,100,72,47,33,4,22,0.05,0.95,0.11,0.64,processed_food_heavy
99,25,3,35,84,14,49,0.75,0.11,0.0,0.0,healthy_trend
54,65,57,46,46,1,1,0.28,0.72,0.07,0.67,processed_food_heavy
50,90,39,30,47,2,10,0.57,0.9,0.33,0.55,toxin_risk
75,42,33,0,75,6,20,0.66,0.39,0.37,0.57,healthy_trend
43,43,51,32,54,7,31,0.58,0.17,0.36,0.87,healthy_trend
34,78,41,29,46,2,3,0.17,0.9,0.21,0.68,toxin_risk
58,74,74,41,42,1,4,0.3,0.68,0.0,0.85,processed_food_heavy
36,66,68,42,40,7,39,0.04,0.31,0.06931489163026053,0.83,processed_food_heavy
72,30,40,21,70,8,32,0.8,0.39,0.29,0.72,healthy_trend
81,25,54,9,73,9,33,0.61,0.15,0.21,0.66,healthy_trend
89,28,37,21,75,9,36,0.72,0.27,0.16710097330292098,0.83,healthy_trend
72,88,43,85,39,3,9,0.34,0.95,0.72,0.37,hormonal_risk
51,57,41,17,59,11,45,0.42,0.25,0.16,0.83,balanced_user
43,51,39,50,50,9,27,0.48,0.41,0.17605198068961847,0.78,balanced_user
66,24,0,28,78,13,48,0.59,0.29,0.16,0.0,healthy_trend
64,46,5,24,72,6,24,0.79,0.45,0.13,0.73,healthy_trend
47,40,57,100,37,6,21,0.35,0.38,0.67,0.36,hormonal_risk
80,58,42,26,63,12,42,0.7,0.53,0.1,0.66,healthy_trend
37,34,39,68,49,3,16,0.37,0.37,0.93,0.54,hormonal_risk
17,68,55,51,35,3,12,0.04,0.64,0.0,0.96,processed_food_heavy
50,66,50,15,54,3,4,0.55,0.75,0.18922231758878497,0.77,toxin_risk
65,42,46,34,60,13,51,0.43,0.29,0.14,0.74,balanced_user
84,38,39,61,61,11,34,0.17,0.45,0.94,0.36,hormonal_risk
74,28,57,73,54,3,11,0.41,0.19,0.4246317147309869,0.68,hormonal_risk
69,87,34,53,48,3,4,0.2,1.0,0.38,0.7,hormonal_risk
43,56,27,28,58,3,11,0.58,0.78,0.26,0.55,toxin_risk
62,65,31,67,49,4,15,0.22,0.65,0.43,0.22,hormonal_risk
68,54,26,87,50,8,32,0.25,0.45,0.68,0.72,hormonal_risk
24,44,44,20,54,10,39,0.59,0.44,0.17,0.72,balanced_user
58,57,49,85,41,12,47,0.3,0.45,0.79,0.5,hormonal_risk
74,63,61,57,48,7,30,0.48,0.5,0.62,0.6,hormonal_risk
38,62,100,57,29,1,8,0.34,0.47,0.13,0.89,processed_food_heavy
63,35,60,0,67,11,54,0.86,0.49,0.23,0.67,healthy_trend
53,52,51,34,54,3,16,0.36,0.62,0.047382168764817476,0.59,balanced_user
88,69,77,37,51,9,36,0.15,0.88,0.75,0.63,hormonal_risk
47,59,82,49,39,2,1,0.1,0.5,0.16,0.88,processed_food_heavy
100,52,43,12,73,10,43,0.65,0.61,0.15,0.87,balanced_user
27,63,99,53,28,1,3,0.12,0.78,0.05,0.99,processed_food_heavy
42,72,58,38,43,6,23,0.25,0.65,0.06,0.89,processed_food_heavy
24,48,50,85,35,5,8,0.34,0.53,0.05,0.67,processed_food_heavy
86,39,47,18,70,13,62,0.68,0.39,0.12,0.42,balanced_user
51,28,36,15,68,11,49,0.86,0.43,0.11,0.47,healthy_trend
81,58,58,30,58,10,39,0.24,0.66,0.13,0.9,toxin_risk
37,81,100,23,33,3,14,0.04,0.51,0.16,0.0,processed_food_heavy
61,22,31,29,69,12,45,0.81,0.21,0.0,0.47,healthy_trend
99,60,57,57,56,11,41,0.1,0.64,0.39,0.48,hormonal_risk
54,72,62,34,46,11,41,0.47,0.6,0.0156162817361603,0.46,toxin_risk
51,61,70,97,30,3,9,0.47,0.67,0.83,0.5,hormonal_risk
50,48,29,33,60,8,32,0.42,0.41,0.28,0.0,balanced_user
60,63,77,78,35,11,49,0.35,0.67,0.74,0.69,hormonal_risk
33,82,58,27,41,9,38,0.46,0.75,0.11,0.5,toxin_risk
50,56,88,65,35,4,19,0.02,0.55,0.16,0.86,processed_food_heavy
46,68,40,81,39,12,38,0.33,0.39,0.37,0.31,hormonal_risk
41,74,55,92,30,8,20,0.2,0.7,0.94,0.66,hormonal_risk
50,72,42,28,52,3,18,0.17,0.63,0.15,0.54,toxin_risk
56,88,83,44,35,1,8,0.29,0.66,0.09,0.81,processed_food_heavy
83,0,23,0,90,17,67,0.78,0.05,0.28,0.61,healthy_trend
41,80,44,66,37,8,36,0.13,0.9,0.83,0.37,hormonal_risk
79,30,21,17,77,11,39,0.56,0.27,0.03391138091574339,0.74,healthy_trend
16,70,100,36,27,7,27,0.1,0.7,0.18,0.88,processed_food_heavy
55,100,34,35,46,10,31,0.34,0.89,0.0,0.87,toxin_risk
30,68,70,21,42,4,11,0.33,0.51,0.06458546239542073,0.69,processed_food_heavy
77,51,10,25,72,9,34,0.79,0.71,0.12214881514338771,0.57,balanced_user
49,55,97,34,40,5,21,0.27,0.3,0.016921515372602093,0.94,processed_food_heavy
69,14,34,0,80,3,14,0.7,0.21,0.18,0.74,healthy_trend
90,19,30,0,85,3,15,0.66,0.17,0.17,0.56,healthy_trend
49,80,100,36,33,7,27,0.37,0.65,0.06471991616276192,0.84,processed_food_heavy
87,37,38,8,76,2,6,0.6,0.43,0.39,0.56,healthy_trend
0,82,90,33,23,7,17,0.08,0.73,0.2,0.99,processed_food_heavy
30,50,92,38,37,8,34,0.31,0.52,0.026432396221112178,0.92,processed_food_heavy
63,45,41,18,64,3,14,0.35,0.34,0.0,0.0,balanced_user
49,33,49,11,64,10,37,0.71,0.44,0.4,0.8,healthy_trend
64,70,46,76,43,2,4,0.49,0.61,0.77,0.0,hormonal_risk
62,73,43,34,53,4,15,0.23,0.69,0.24,0.84,toxin_risk
62,100,70,36,39,7,24,0.28,1.0,0.05,0.99,processed_food_heavy
36,95,90,47,26,5,25,0.18,1.0,0.09,0.0,processed_food_heavy
67,78,77,36,44,5,24,0.27,0.99,0.04,0.94,processed_food_heavy
65,99,58,84,31,5,17,0.54,0.88,0.3698434857989017,0.6,hormonal_risk
36,94,57,34,37,5,17,0.23,1.0,0.19,0.71,processed_food_heavy
63,54,52,81,44,4,17,0.1,0.45,0.7,0.41,hormonal_risk
13,94,60,44,28,5,28,0.34,0.88,0.13,0.46,toxin_risk
61,50,41,40,57,10,37,0.64,0.43,0.038986962932347886,0.74,balanced_user
75,51,30,27,66,5,24,0.58,0.62,0.25,0.68,balanced_user
79,85,64,46,46,5,20,0.59,0.82,0.0,0.57,toxin_risk
32,75,35,70,38,8,31,0.53,0.98,0.0,0.31,hormonal_risk
58,54,65,67,43,9,27,0.13,0.44,0.33,0.32,hormonal_risk
68,32,47,33,64,8,36,0.37,0.38,0.28,0.88,balanced_user
64,27,51,23,65,16,58,0.65,0.18,0.4,0.7,healthy_trend
35,98,87,63,21,8,29,0.38,0.91,0.14,0.89,processed_food_heavy
49,75,46,41,46,2,11,0.19,0.78,0.13,0.49,toxin_risk
51,67,80,100,26,7,33,0.31,0.72,0.43,0.21,hormonal_risk
61,70,59,42,47,8,32,0.52,0.89,0.34,0.68,toxin_risk
36,29,86,82,34,6,24,0.15,0.28,0.65,0.22,hormonal_risk
49,78,54,59,39,7,23,0.13,0.71,0.91,0.23,hormonal_risk
42,84,55,54,37,2,8,0.31,0.64,0.0,0.0,processed_food_heavy
97,36,25,33,75,3,4,0.83,0.53,0.37,0.64,healthy_trend
31,63,84,17,41,5,15,0.22,0.47,0.2,0.89,processed_food_heavy
32,81,96,47,27,3,14,0.28,0.8,0.12,0.91,processed_food_heavy
64,68,47,10,59,1,6,0.36,0.56,0.08,0.0,toxin_risk
78,93,52,27,51,2,4,0.54,0.99,0.25,0.92,toxin_risk
32,81,55,43,38,2,2,0.2,0.99,0.06,0.79,toxin_risk
67,80,53,60,43,11,48,0.18,0.65,0.0,0.36,hormonal_risk
50,53,10,15,68,3,19,0.68,0.59,0.09315859899971415,0.71,balanced_user
35,43,69,59,41,1,1,0.21,0.57,0.05043059870351374,0.78,processed_food_heavy
62,48,61,5,62,14,61,0.6,0.73,0.17,0.8,balanced_user
49,54,88,21,46,3,9,0.11,0.64,0.16,0.75,processed_food_heavy
62,40,29,18,68,2,13,0.77,0.44,0.13,0.53,healthy_trend
63,22,39,12,72,5,20,0.54,0.22,0.013476818478506115,0.86,balanced_user
70,71,56,39,51,11,44,0.36,0.52,0.17,0.63,toxin_risk
54,55,49,11,59,5,27,0.72,0.66,0.10975180753503289,0.66,balanced_user
26,24,11,9,70,2,5,0.64,0.19,0.21,0.74,healthy_trend
58,93,69,69,31,6,25,0.18,1.0,0.19,0.75,processed_food_heavy
56,42,84,57,43,6,14,0.28,0.54,0.02,0.67,processed_food_heavy
47,55,97,58,34,2,4,0.42,0.48,0.07964615619152544,0.62,processed_food_heavy
29,70,60,70,32,11,49,0.19,0.82,0.2801699581157795,0.22,hormonal_risk
66,73,4,19,67,10,39,0.86,0.74,0.26,0.81,healthy_trend
44,69,70,53,38,14,56,0.42,0.61,0.0,0.62,balanced_user
58,72,70,74,35,8,31,0.5,0.57,0.53,0.6,hormonal_risk
66,41,43,16,66,3,15,0.6,0.23,0.23,0.0,balanced_user
49,100,60,71,29,3,15,0.19,1.0,0.14,0.73,processed_food_heavy
53,85,68,93,26,4,17,0.47,0.86,0.0,0.37,hormonal_risk
54,28,9,4,78,11,47,0.82,0.1,0.14,0.51,healthy_trend
43,87,93,53,27,1,5,0.18,0.93,0.06,0.85,processed_food_heavy
53,40,61,60,48,9,28,0.31,0.16,0.41,0.0,hormonal_risk
48,37,23,13,68,9,35,0.77,0.19,0.33,0.61,balanced_user
83,55,23,42,65,17,67,0.82,0.39,0.39,0.47,healthy_trend
72,65,52,70,46,9,35,0.16,0.52,0.0,0.38,hormonal_risk
52,88,54,31,44,2,2,0.3,1.0,0.29,0.69,toxin_risk
56,78,61,18,49,8,31,0.32,0.82,0.0,0.52,toxin_risk
60,49,38,21,63,3,12,0.8,0.5,0.29,0.6,healthy_trend
90,90,36,12,63,3,10,0.64,0.82,0.15,0.79,balanced_user
32,93,84,17,34,2,8,0.2,1.0,0.19,0.97,processed_food_heavy
68,47,49,39,58,9,31,0.81,0.42,0.2,0.53,healthy_trend
53,86,53,59,38,11,38,0.19,0.82,0.46,0.67,hormonal_risk
55,76,67,78,33,8,31,0.28,0.68,0.14,0.5,toxin_risk
87,36,36,31,71,4,14,0.43,0.36,0.057171083042027865,0.0,balanced_user
66,45,90,46,46,6,27,0.39,0.41,0.02,0.73,processed_food_heavy
58,50,62,50,49,11,39,0.24,0.16,0.27,0.59,toxin_risk
85,76,61,53,48,5,19,0.13,0.63,0.3057769864065082,0.71,hormonal_risk
25,52,73,42,39,2,12,0.27,0.61,0.13,0.0,processed_food_heavy
64,75,76,37,44,2,7,0.37,0.79,0.04,0.92,processed_food_heavy
58,47,25,45,60,14,53,0.89,0.45,0.0,0.69,healthy_trend
47,56,60,65,41,6,28,0.32,0.77,0.15,0.89,processed_food_heavy
73,34,42,9,72,4,13,0.5,0.49,0.0,0.8,balanced_user
39,86,95,52,26,3,19,0.41,0.85,0.01628749443344295,0.77,processed_food_heavy
79,20,42,45,68,1,1,0.48,0.26,0.3,0.72,balanced_user
45,67,34,35,52,6,25,0.26,0.59,0.29,0.56,toxin_risk
60,20,12,32,74,17,60,0.59,0.15,0.08261663029552534,0.0,healthy_trend
66,45,45,45,57,10,38,0.66,0.23,0.055742999645756394,0.51,balanced_user
27,61,75,40,37,3,12,0.33,0.43,0.03,0.94,processed_food_heavy
95,35,25,11,81,17,68,0.58,0.35,0.28,0.89,healthy_trend
45,52,66,61,41,1,6,0.21,0.58,0.83,0.25,hormonal_risk
77,59,49,55,53,6,34,0.5,0.44,0.29,0.89,balanced_user
33,68,82,15,42,8,27,0.09,0.39,0.03,0.78,processed_food_heavy
20,56,42,35,46,6,25,0.64,0.72,0.08570933440112706,0.68,balanced_user
34,87,71,33,35,9,39,0.29,0.93,0.07,0.84,toxin_risk
91,27,44,19,75,8,29,0.4,0.45,0.22,0.0,balanced_user
38,64,53,22,49,3,20,0.45,0.73,0.27,0.49,balanced_user
66,74,100,39,38,1,1,0.06,0.73,0.08,0.79,processed_food_heavy
67,73,73,49,43,4,17,0.12,0.75,0.03,0.83,processed_food_heavy
55,52,71,9,55,14,54,0.56,0.65,0.06,0.78,balanced_user
100,58,43,33,66,9,47,0.33,0.38,0.07,0.52,toxin_risk
29,79,94,48,27,2,6,0.16,0.76,0.05,0.83,processed_food_heavy
43,61,78,37,41,1,15,0.3,0.56,0.0,0.0,processed_food_heavy
38,77,76,33,38,4,8,0.41,0.76,0.07,0.63,processed_food_heavy
65,29,18,4,78,4,12,0.51,0.04,0.14,0.44,balanced_user
33,100,60,35,34,3,15,0.56,1.0,0.017997260573733395,0.45,toxin_risk
18,92,69,49,27,3,15,0.31,0.93,0.0,0.72,toxin_risk
45,62,79,47,39,8,32,0.3,0.53,0.004737952166134353,0.99,processed_food_heavy
85,20,19,26,80,5,25,0.55,0.1,0.04178047397169061,0.66,balanced_user
57,85,53,55,41,3,18,0.43,0.95,0.024680069889703803,0.8,processed_food_heavy
59,62,75,96,31,11,37,0.23,0.63,0.43,0.21,hormonal_risk
59,62,63,43,47,5,16,0.12,0.92,0.0,0.83,processed_food_heavy
70,68,95,26,45,3,8,0.45,0.58,0.19,0.85,processed_food_heavy
68,32,50,26,65,3,9,0.75,0.48,0.18,0.41,balanced_user
72,62,61,75,43,10,35,0.43,0.6,0.13803042108145916,0.32,hormonal_risk
66,22,41,65,59,2,7,0.17,0.19,0.25188328274867117,0.0,hormonal_risk
78,41,77,29,57,13,46,0.47,0.16,0.0,0.74,balanced_user
71,92,30,26,55,3,10,0.32,0.96,0.2,0.69,toxin_risk
54,24,27,24,69,14,59,0.57,0.05,0.34,0.75,healthy_trend
58,59,0,42,64,11,34,0.44,0.61,0.1,0.77,balanced_user
48,38,56,29,56,13,54,0.74,0.25,0.02608939692712833,0.53,balanced_user
49,64,90,51,36,3,17,0.44,0.57,0.12,0.61,processed_food_heavy
55,46,61,70,44,5,18,0.3,0.59,0.83,0.62,hormonal_risk
48,55,100,72,30,2,6,0.18,0.78,0.14,0.73,processed_food_heavy
59,93,80,42,36,3,19,0.51,1.0,0.24,0.78,toxin_risk
100,21,18,19,85,2,2,0.66,0.29,0.2,0.5,healthy_trend
67,100,52,52,40,7,27,0.45,1.0,0.81,0.68,hormonal_risk
70,31,27,9,75,3,13,0.77,0.48,0.29,0.56,balanced_user
13,53,73,29,39,3,18,0.04,0.74,0.12,0.82,processed_food_heavy
86,33,46,15,73,2,5,0.42,0.24,0.24,0.41,balanced_user
79,32,22,19,76,3,11,0.68,0.36,0.11,0.87,healthy_trend
79,46,31,22,70,10,36,0.68,0.57,0.06,0.54,balanced_user
49,100,42,28,44,10,40,0.42,1.0,0.1,0.54,toxin_risk
56,58,53,57,47,2,2,0.14,0.48,0.07,0.61,processed_food_heavy
53,50,29,32,60,10,43,0.77,0.42,0.36,0.6,healthy_trend
72,26,40,14,73,8,24,0.94,0.19,0.23,0.55,healthy_trend
38,81,100,18,34,5,25,0.21,0.9,0.02,0.86,processed_food_heavy
56,99,48,12,49,2,1,0.2,1.0,0.04187884695896622,0.56,toxin_risk
62,66,63,80,38,5,19,0.37,0.66,0.74,0.0,hormonal_risk
80,38,50,0,73,16,60,0.87,0.33,0.29,0.89,healthy_trend
55,67,63,89,34,3,20,0.19,0.59,0.33,0.71,hormonal_risk
46,61,56,40,47,3,15,0.52,0.43,0.2555123870689823,0.23,hormonal_risk
66,55,49,30,58,9,44,0.17,0.73,0.15,0.58,toxin_risk
27,73,81,24,37,1,3,0.2,0.85,0.08,0.61,processed_food_heavy
98,81,54,45,54,7,21,0.15,0.79,0.55,0.24,hormonal_risk
36,64,64,31,44,6,32,0.38,0.65,0.01,0.6,processed_food_heavy
54,30,31,14,69,12,48,0.77,0.0,0.07742044886912489,0.61,balanced_user
35,84,39,57,38,11,37,0.65,0.84,0.24,0.43,balanced_user
25,86,65,51,30,1,7,0.37,0.81,0.0431213717662149,0.77,processed_food_heavy
82,0,18,42,80,7,27,0.5,0.06,0.09,0.57,balanced_user
71,57,34,80,50,12,51,0.37,0.56,0.76,0.59,hormonal_risk
24,47,82,42,38,11,42,0.57,0.61,0.22,0.87,balanced_user
53,66,50,54,45,8,34,0.05,0.73,0.17,0.82,processed_food_heavy
58,33,59,19,61,9,36,0.8,0.43,0.07,0.83,healthy_trend
86,75,38,58,53,12,63,0.24,0.69,0.91,0.5,hormonal_risk
31,95,60,75,25,4,13,0.35,0.74,0.07,0.67,processed_food_heavy
56,87,68,59,35,3,17,0.2,0.89,0.24,0.5,toxin_risk
43,68,59,78,34,12,47,0.52,0.63,0.0,0.44,hormonal_risk
42,62,77,45,39,6,28,0.19,0.58,0.14,0.71,processed_food_heavy
72,26,44,32,67,16,69,0.83,0.34,0.09373943327349653,0.49,healthy_trend
51,41,55,72,45,11,48,0.22,0.24,0.74,0.74,hormonal_risk
62,100,40,87,33,7,29,0.48,0.98,0.72,0.0,hormonal_risk
41,65,85,23,42,5,18,0.32,0.61,0.01,0.94,processed_food_heavy
53,43,16,35,64,16,72,0.63,0.54,0.06,0.54,healthy_trend
44,99,23,48,43,3,24,0.56,1.0,0.24,0.75,toxin_risk
46,47,51,30,54,4,23,0.42,0.56,0.23,0.46,balanced_user
76,49,17,25,71,2,6,0.81,0.57,0.15,0.49,healthy_trend
27,78,74,89,21,8,38,0.52,0.77,0.21197177384998575,0.67,hormonal_risk
64,80,65,43,44,2,1,0.24,0.75,0.06,0.74,processed_food_heavy
64,56,17,20,67,13,48,0.77,0.87,0.0,0.67,healthy_trend
32,51,46,2,58,4,7,0.35,0.41,0.041627799273026116,0.0,balanced_user
23,66,78,65,28,3,21,0.13,0.73,0.12,0.95,processed_food_heavy
63,34,48,20,65,3,13,0.68,0.28,0.31,0.66,balanced_user
45,60,62,79,36,7,29,0.35,0.72,0.3456538319927507,0.28,hormonal_risk
48,88,80,60,30,3,8,0.36,0.83,0.17,0.67,toxin_risk
82,49,31,26,69,1,5,0.4,0.32,0.29,0.63,balanced_user
58,17,32,16,73,17,71,0.62,0.21,0.28,0.54,healthy_trend
44,53,41,68,45,2,8,0.2,0.58,0.23736886957689757,0.63,hormonal_risk
55,87,44,17,51,1,3,0.26,1.0,0.0504476097857314,0.94,toxin_risk
66,36,14,28,72,5,15,0.36,0.31,0.0,0.59,balanced_user
95,35,36,49,68,6,29,0.57,0.35,0.24,0.66,healthy_trend
75,39,0,26,77,12,48,0.72,0.42,0.04191726946949316,0.0,healthy_trend
99,17,43,14,81,1,1,0.63,0.17,0.19,0.88,healthy_trend
91,6,0,15,92,2,3,0.63,0.06,0.34,0.6,healthy_trend
56,67,29,52,52,10,41,0.29,0.71,0.06383979181888881,0.81,toxin_risk
59,55,41,44,54,5,13,0.16,0.56,0.2,0.0,toxin_risk
43,16,44,41,60,5,21,0.61,0.16,0.04470141343336692,0.78,balanced_user
47,53,33,7,63,6,29,0.66,0.87,0.12850507107731923,0.45,healthy_trend
65,16,44,0,76,13,50,0.55,0.17,0.04423043802619596,0.66,balanced_user
44,38,41,23,60,13,52,0.51,0.34,0.25,0.8,balanced_user
73,90,36,34,53,5,23,0.37,0.93,0.09,0.59,toxin_risk
46,61,49,66,42,3,8,0.3,0.58,0.16,0.0,processed_food_heavy
80,69,100,100,27,3,10,0.54,0.79,0.62,0.25,hormonal_risk
58,55,91,73,34,4,20,0.3,0.52,0.14,0.63,processed_food_heavy
53,73,24,100,39,6,20,0.34,0.9,0.63,0.53,hormonal_risk
51,13,60,68,52,5,20,0.2,0.05,0.58,0.52,hormonal_risk
68,31,22,17,74,11,45,0.69,0.41,0.09,0.0,healthy_trend
53,81,60,44,42,3,11,0.37,0.72,0.17,0.94,toxin_risk
79,39,10,19,77,8,37,0.53,0.31,0.13,0.65,balanced_user
53,71,59,34,47,2,14,0.14,0.65,0.09,0.83,processed_food_heavy
57,97,58,100,25,3,17,0.14,0.7,0.8,0.62,hormonal_risk
68,35,34,34,66,2,1,0.86,0.47,0.39,0.71,healthy_trend
57,63,80,55,39,3,4,0.2,0.76,0.03,0.96,processed_food_heavy
39,90,48,25,44,2,7,0.3,0.93,0.0,0.93,toxin_risk
58,62,40,84,43,2,1,0.23,0.78,0.37365082859014925,0.47,hormonal_risk
70,32,29,26,70,8,32,0.77,0.22,0.33,0.54,healthy_trend
54,88,45,19,50,4,17,0.27,0.78,0.32,0.87,toxin_risk
70,40,34,36,65,9,36,0.72,0.37,0.16237216098902096,0.75,balanced_user
30,49,25,27,57,7,33,0.65,0.53,0.21,0.85,balanced_user
75,84,88,58,36,2,18,0.42,0.8,0.058221689001680524,0.92,processed_food_heavy
75,59,16,30,67,6,27,0.73,0.64,0.28,0.77,balanced_user
97,26,24,27,80,2,12,0.65,0.37,0.12754743444183375,0.61,healthy_trend
100,67,59,65,52,9,31,0.45,0.66,0.1,0.89,toxin_risk
97,45,23,0,82,18,70,0.87,0.37,0.22,0.75,healthy_trend
16,48,97,65,26,8,27,0.39,0.47,0.15,0.76,processed_food_heavy
53,22,26,4,75,16,70,0.62,0.2,0.34,0.76,healthy_trend
47,29,56,33,57,3,12,0.78,0.19,0.06911815778222115,0.55,balanced_user
45,52,94,63,34,3,15,0.4,0.54,0.17,0.67,processed_food_heavy
48,60,61,34,48,3,4,0.35,0.69,0.1,0.84,toxin_risk
75,54,59,47,53,11,53,0.69,0.29,0.15,0.47,balanced_user
59,58,52,100,37,3,13,0.15,0.6,0.87,0.22,hormonal_risk
26,61,71,28,41,7,29,0.14,0.84,0.19,0.0,processed_food_heavy
24,39,44,54,46,10,43,0.22,0.32,0.11,0.84,toxin_risk
67,90,57,37,45,9,40,0.32,1.0,0.3,0.51,toxin_risk
64,42,21,13,72,16,52,0.88,0.26,0.23,0.59,healthy_trend
68,100,83,53,33,7,27,0.27,1.0,0.06,0.78,processed_food_heavy
100,14,28,41,79,15,59,0.69,0.24,0.0,0.87,healthy_trend
30,87,73,66,26,3,14,0.33,0.71,0.07,0.73,processed_food_heavy
100,13,53,28,76,2,3,0.68,0.2,0.27,0.0,healthy_trend
56,61,56,13,56,7,37,0.42,0.51,0.1029538214746949,0.74,balanced_user
78,66,61,15,59,5,27,0.37,0.62,0.26,0.76,balanced_user
100,35,26,28,77,11,39,0.94,0.23,0.07,0.74,healthy_trend
31,94,78,48,27,4,18,0.02,0.84,0.14,0.64,processed_food_heavy
83,43,32,2,76,9,40,0.8,0.32,0.3,0.62,healthy_trend
55,65,45,36,52,6,20,0.35,0.61,0.0,0.58,toxin_risk
26,41,35,47,50,7,31,0.13,0.55,0.34350978267952587,0.48,hormonal_risk
45,32,36,24,63,18,78,0.82,0.29,0.17,0.57,healthy_trend
55,55,38,53,52,2,2,0.46,0.62,0.85,0.7,hormonal_risk
77,59,38,22,64,12,54,0.52,0.54,0.34,0.63,balanced_user
18,93,68,39,29,8,32,0.35,1.0,0.16,0.93,processed_food_heavy
77,52,42,36,61,5,23,0.39,0.57,0.21,0.73,balanced_user
100,0,24,5,92,10,44,0.71,0.12,0.14,0.71,healthy_trend
38,70,93,55,30,7,25,0.34,0.65,0.65,0.7,hormonal_risk
28,67,41,84,34,10,34,0.36,0.66,0.33901087450334627,0.28,hormonal_risk
65,48,46,11,65,14,50,0.47,0.52,0.23,0.46,balanced_user
59,72,40,100,36,12,51,0.47,0.77,0.5,0.42,hormonal_risk
100,100,44,33,55,6,21,0.26,0.96,0.2,0.76,toxin_risk
61,53,91,39,44,4,15,0.19,0.39,0.04,0.91,processed_food_heavy
64,84,15,33,58,13,47,0.42,0.9,0.16,0.57,balanced_user
34,55,81,67,32,3,4,0.03,0.71,0.13,0.89,processed_food_heavy
45,64,56,45,45,5,14,0.16,0.58,0.006730527599523144,0.0,processed_food_heavy
40,35,41,29,58,5,17,0.63,0.47,0.22,0.73,balanced_user
75,86,72,48,42,11,43,0.44,1.0,0.25,0.76,toxin_risk
70,65,69,95,35,7,36,0.38,0.57,0.38,0.36,hormonal_risk
79,24,10,16,82,10,39,0.57,0.27,0.06832270750295663,0.55,healthy_trend
60,50,40,99,42,3,11,0.42,0.33,0.0,0.49,hormonal_risk
66,58,51,32,56,16,71,0.57,0.52,0.2,0.79,healthy_trend
43,64,55,28,49,3,14,0.5,0.6,0.19,0.5,toxin_risk
65,48,35,9,68,11,42,0.74,0.49,0.31,0.83,balanced_user
89,53,72,85,44,3,11,0.44,0.67,0.15608422094775798,0.51,hormonal_risk
72,29,12,0,82,12,49,0.63,0.19,0.1354069948730884,0.85,healthy_trend
50,82,73,46,37,1,13,0.37,0.89,0.15,0.52,toxin_risk
55,76,36,32,52,10,37,0.5,0.55,0.04825960015431575,0.0,toxin_risk
75,44,76,56,49,3,6,0.22,0.2,0.0,0.9,processed_food_heavy
84,18,26,43,74,12,48,0.73,0.26,0.28,0.63,healthy_trend
89,57,48,8,69,13,49,0.68,0.42,0.23008588955405862,0.89,healthy_trend
46,89,82,57,29,5,21,0.06,0.75,0.17,0.0,processed_food_heavy
83,12,38,0,83,6,23,0.62,0.05,0.14,0.79,healthy_trend
100,21,65,29,71,15,56,0.63,0.34,0.2,0.65,healthy_trend
56,66,43,40,51,11,42,0.72,0.62,0.31,0.0,balanced_user
45,61,61,53,42,12,46,0.48,0.71,0.87,0.46,hormonal_risk
49,66,46,66,42,7,22,0.45,0.75,0.65,0.49,hormonal_risk
72,75,37,46,53,3,11,0.45,0.69,0.31,0.66,toxin_risk
77,54,48,6,67,10,38,0.7,0.56,0.25,0.0,balanced_user
32,54,58,26,48,7,31,0.32,0.56,0.02,0.87,processed_food_heavy
63,71,60,62,42,3,8,0.32,0.48,0.06162859046784677,0.66,toxin_risk
42,79,31,16,54,3,15,0.27,0.83,0.21,0.74,toxin_risk
68,97,43,93,33,4,24,0.23,0.8,0.10662686519370504,0.58,hormonal_risk
44,72,87,72,28,1,1,0.2,0.8,0.17,0.92,processed_food_heavy
68,18,44,16,72,5,27,0.42,0.34,0.10198765991855144,0.0,balanced_user
65,73,51,46,48,7,22,0.42,0.86,0.29,0.61,toxin_risk
69,94,61,31,45,3,18,0.23,1.0,0.0,0.49,toxin_risk
61,33,62,49,54,3,7,0.42,0.35,0.0,0.67,processed_food_heavy
83,59,73,29,55,13,51,0.77,0.58,0.18,0.87,balanced_user
53,100,53,8,48,12,46,0.56,0.81,0.03632660784950809,0.65,toxin_risk
58,48,75,34,50,3,18,0.28,0.41,0.33,0.77,toxin_risk
34,67,55,49,40,6,25,0.32,0.9,0.42053633474330826,0.64,hormonal_risk
49,48,14,53,58,12,43,0.7,0.61,0.13,0.76,healthy_trend
69,33,35,51,62,11,34,0.78,0.42,0.26,0.5,balanced_user
79,59,71,39,52,5,13,0.72,0.86,0.25,0.47,balanced_user
97,0,45,24,82,6,28,0.76,0.0,0.08,0.63,healthy_trend
99,24,28,40,76,9,36,0.75,0.28,0.08,0.56,healthy_trend
85,50,42,30,65,11,33,0.58,0.65,0.18,0.73,healthy_trend
61,72,41,13,58,2,2,0.5,0.7,0.34,0.92,toxin_risk
54,34,26,25,67,12,56,0.74,0.35,0.021329761425859368,0.89,balanced_user
74,47,21,3,75,17,62,0.72,0.49,0.08130105309456973,0.0,healthy_trend
64,76,82,38,42,4,26,0.14,0.86,0.07,0.84,processed_food_heavy
68,89,70,71,34,8,34,0.38,0.8,0.2625596380896062,0.69,hormonal_risk
33,68,68,90,26,7,25,0.53,0.69,0.1684794579650341,0.49,hormonal_risk
48,60,38,23,56,8,27,0.6,0.56,0.25,0.65,balanced_user
75,81,56,100,34,6,30,0.19,0.66,0.36,0.0,hormonal_risk
94,76,60,19,59,1,1,0.35,0.8,0.0,0.52,toxin_risk
98,17,44,24,78,15,61,0.7,0.0,0.4,0.72,healthy_trend
55,97,47,55,39,2,1,0.39,1.0,0.1,0.69,processed_food_heavy
36,79,78,89,22,10,36,0.14,0.74,0.0,0.0,hormonal_risk
70,39,39,21,67,2,8,0.57,0.2,0.19,0.44,balanced_user
90,21,28,14,81,3,16,0.64,0.15,0.13,0.9,healthy_trend
73,68,81,12,53,2,20,0.16,0.66,0.016230923227439548,0.68,processed_food_heavy
51,100,36,72,35,6,22,0.23,0.87,0.13,0.71,toxin_risk
58,93,78,45,35,2,10,0.06,0.96,0.08,0.65,processed_food_heavy
88,54,41,84,52,2,12,0.38,0.49,0.81,0.33,hormonal_risk
79,25,25,14,78,7,24,0.6,0.29,0.17,0.85,healthy_trend
26,69,23,53,45,10,45,0.48,0.82,0.18,0.79,toxin_risk
52,67,51,33,50,3,16,0.59,0.61,0.31,0.85,balanced_user
38,93,54,26,41,2,7,0.5,0.7,0.34,0.75,toxin_risk
54,78,37,18,55,5,17,0.21,0.71,0.017485197350513938,0.91,toxin_risk
67,98,16,47,51,3,11,0.48,0.86,0.23,0.47,toxin_risk
100,50,48,37,66,14,53,0.77,0.38,0.23,0.6,balanced_user
43,91,65,42,36,2,15,0.05,0.88,0.05,0.74,processed_food_heavy
66,44,7,46,67,10,36,0.45,0.54,0.22,0.64,balanced_user
31,78,38,35,45,3,2,0.21,0.78,0.23,0.82,toxin_risk
45,75,58,5,51,3,28,0.35,0.78,0.09824979861923319,0.91,toxin_risk
66,48,21,29,67,13,55,0.57,0.59,0.0,0.59,healthy_trend
44,30,22,3,72,6,22,0.78,0.28,0.15,0.56,balanced_user
63,57,90,88,32,10,35,0.13,0.57,0.88,0.45,hormonal_risk
73,37,30,50,64,10,39,0.5,0.46,0.25,0.48,balanced_user
32,77,36,57,40,12,43,0.1,0.66,0.73,0.69,hormonal_risk
40,78,44,38,45,12,44,0.15,0.73,0.27,0.54,toxin_risk
55,71,41,81,40,7,26,0.22,0.64,0.31,0.81,toxin_risk
71,82,87,36,41,2,6,0.22,0.79,0.05336515371471067,0.47,toxin_risk
53,23,79,27,56,7,34,0.39,0.11,0.35,0.6,balanced_user
29,80,60,91,24,4,18,0.27,1.0,0.39,0.47,hormonal_risk
36,61,50,38,46,7,41,0.71,0.33,0.09,0.64,balanced_user
37,77,44,23,48,12,53,0.31,0.73,0.22,0.51,toxin_risk
69,52,46,31,60,11,36,0.62,0.57,0.18,0.69,balanced_user
88,93,39,40,54,4,11,0.58,0.89,0.16,0.58,toxin_risk
37,73,24,44,49,7,33,0.38,0.7,0.05,0.85,balanced_user
95,33,31,10,80,6,14,0.59,0.29,0.2,0.0,balanced_user
100,28,66,27,69,8,35,0.47,0.23,0.15,0.0,balanced_user
73,56,69,58,47,7,31,0.42,0.83,0.16,0.74,processed_food_heavy
45,87,64,25,42,2,8,0.56,0.91,0.09,0.91,toxin_risk
51,84,55,46,41,3,12,0.32,0.93,0.11,0.77,processed_food_heavy
73,26,53,21,68,5,27,0.54,0.1,0.0,0.83,balanced_user
58,20,20,18,75,3,8,0.75,0.23,0.07705280909137362,0.47,balanced_user
66,40,38,15,68,6,20,0.35,0.31,0.12,0.88,balanced_user
42,81,92,49,30,7,21,0.03,1.0,0.09,0.96,processed_food_heavy
70,84,38,63,46,2,1,0.22,1.0,0.89,0.52,hormonal_risk
99,16,11,51,80,9,35,0.81,0.09,0.26,0.54,healthy_trend
59,51,61,76,42,4,15,0.1,0.62,0.46,0.72,hormonal_risk
42,64,75,84,29,12,54,0.44,0.74,0.41,0.71,hormonal_risk
98,74,30,12,70,5,15,0.25,0.68,0.12,0.93,toxin_risk
35,90,45,36,41,11,44,0.33,0.94,0.031100133408826534,0.85,toxin_risk
66,72,15,26,63,10,41,0.56,0.87,0.0,0.55,healthy_trend
22,65,78,77,25,7,31,0.3,0.75,0.38,0.72,hormonal_risk
43,67,73,84,29,1,1,0.15,0.46,0.14,0.7,processed_food_heavy
95,27,5,17,86,6,14,0.92,0.31,0.36,0.49,healthy_trend
94,17,30,6,85,7,28,0.79,0.09,0.29,0.5,healthy_trend
60,59,31,8,65,7,30,0.56,0.39,0.15,0.67,balanced_user
37,78,74,20,41,1,1,0.41,0.66,0.19,0.78,processed_food_heavy
55,52,28,17,64,3,5,0.54,0.42,0.0,0.54,balanced_user
52,90,42,23,49,12,56,0.33,1.0,0.09,0.85,toxin_risk
37,53,41,100,35,3,9,0.2,0.71,0.91,0.52,hormonal_risk
30,22,7,10,72,12,44,0.58,0.22,0.21,0.79,healthy_trend
40,55,60,60,41,2,1,0.36,0.24,0.05,0.63,processed_food_heavy
35,37,26,79,48,1,6,0.49,0.65,0.3165019061653489,0.25,hormonal_risk
70,44,36,47,60,1,1,0.61,0.66,0.16,0.44,balanced_user
73,57,26,52,59,8,32,0.36,0.55,0.33,0.66,balanced_user
33,100,27,16,47,11,38,0.17,0.91,0.0,0.79,toxin_risk
55,70,76,45,41,6,26,0.27,0.8,0.12,0.94,processed_food_heavy
79,24,36,21,74,15,61,0.85,0.21,0.13184485897760004,0.59,healthy_trend
55,49,62,38,51,13,60,0.76,0.63,0.28,0.49,balanced_user
82,46,38,100,49,3,13,0.39,0.65,0.38,0.43,hormonal_risk
55,96,59,44,39,10,38,0.33,1.0,0.22,0.87,toxin_risk
35,87,99,39,27,4,19,0.33,1.0,0.05,0.69,processed_food_heavy
79,0,24,41,78,14,53,0.9,0.0,0.21,0.85,healthy_trend
32,50,59,18,51,3,9,0.41,0.62,0.03,0.93,processed_food_heavy
48,31,21,36,65,13,48,0.54,0.48,0.13,0.52,balanced_user
42,53,41,36,53,11,46,0.5,0.62,0.03922201910388958,0.82,balanced_user
72,62,34,55,55,8,25,0.72,0.55,0.23,0.52,healthy_trend
46,20,63,14,62,8,33,0.72,0.06,0.24,0.66,healthy_trend
57,64,84,27,45,7,28,0.21,0.8,0.06,0.94,processed_food_heavy
67,55,12,11,72,11,43,0.57,0.62,0.09383417045847882,0.78,balanced_user
36,82,73,36,36,6,23,0.14,1.0,0.02319587692790505,0.6,processed_food_heavy
96,90,73,38,48,12,49,0.27,1.0,0.14223856133991203,0.48,toxin_risk
71,58,56,72,46,5,19,0.31,0.6,0.58,0.0,hormonal_risk
55,56,57,55,46,12,40,0.27,0.63,0.61,0.29,hormonal_risk
51,35,35,21,65,11,37,0.68,0.25,0.0,0.66,balanced_user
66,67,67,36,49,3,16,0.25,0.86,0.11,0.49,toxin_risk
45,66,47,97,33,11,48,0.47,0.55,0.81,0.72,hormonal_risk
43,88,87,61,26,7,35,0.36,1.0,0.01810820363748823,0.66,processed_food_heavy
55,85,94,29,36,1,3,0.24,0.75,0.18,0.0,processed_food_heavy
83,22,24,24,78,12,55,0.79,0.13,0.18,0.52,healthy_trend
25,45,82,38,40,8,33,0.4,0.41,0.04,0.62,processed_food_heavy
84,61,44,52,56,5,18,0.58,0.54,0.23,0.46,toxin_risk
71,35,75,41,55,6,27,0.63,0.31,0.16,0.85,healthy_trend
40,73,94,34,34,7,30,0.25,0.88,0.06,0.89,processed_food_heavy
54,93,43,50,42,8,16,0.42,1.0,0.0,0.75,toxin_risk
23,86,41,22,43,2,7,0.48,0.84,0.28,0.79,toxin_risk
87,63,46,72,51,6,12,0.11,0.68,0.0,0.0,hormonal_risk
62,60,10,9,70,1,2,0.69,0.53,0.0,0.0,balanced_user
13,100,76,47,22,8,41,0.03,0.81,0.0,0.81,processed_food_heavy
63,13,35,33,70,3,4,0.64,0.18,0.23,0.73,healthy_trend
72,82,36,28,56,7,27,0.33,0.72,0.2,0.54,toxin_risk
57,94,62,35,41,5,20,0.41,0.87,0.07,0.0,processed_food_heavy
68,92,54,73,37,8,26,0.12,0.95,0.94,0.0,hormonal_risk
39,80,45,65,37,11,34,0.42,0.83,0.62,0.0,hormonal_risk
98,46,27,32,73,7,34,0.93,0.45,0.38,0.0,healthy_trend
46,32,41,18,63,5,19,0.4,0.46,0.1,0.76,balanced_user
23,71,69,34,37,1,1,0.29,0.91,0.06,0.79,processed_food_heavy
84,23,11,24,81,8,27,0.93,0.31,0.0,0.0,healthy_trend
38,64,64,68,35,2,7,0.06,0.62,0.05,0.89,processed_food_heavy
54,44,26,0,71,7,29,0.81,0.28,0.23,0.58,healthy_trend
65,28,80,100,39,12,50,0.2,0.27,0.3230243296375423,0.38,hormonal_risk
35,72,90,70,25,8,32,0.34,0.72,0.07,0.62,processed_food_heavy
45,13,53,0,69,2,9,0.62,0.3,0.25,0.0,balanced_user
65,43,43,18,65,11,37,0.78,0.49,0.0,0.69,healthy_trend
65,55,50,90,42,5,23,0.25,0.5,0.58,0.42,hormonal_risk
41,70,100,31,35,7,28,0.09,0.71,0.14,0.0,processed_food_heavy
49,31,67,29,55,11,46,0.42,0.43,0.34,0.44,balanced_user
70,36,36,8,72,9,39,0.43,0.12,0.0,0.61,balanced_user
7,64,68,51,31,3,10,0.22,0.46,0.05,0.73,processed_food_heavy
61,30,34,4,73,1,1,0.68,0.56,0.29,0.87,balanced_user
37,88,44,1,51,12,48,0.49,0.98,0.0,0.93,toxin_risk
23,76,50,48,37,2,2,0.38,0.68,0.09,0.7,processed_food_heavy
41,60,73,64,36,9,33,0.26,0.68,0.72,0.63,hormonal_risk
57,31,9,41,69,18,68,0.62,0.38,0.34,0.64,healthy_trend
67,39,31,13,71,10,42,0.64,0.32,0.28,0.56,balanced_user
29,91,88,34,29,2,9,0.28,1.0,0.12,0.72,processed_food_heavy
91,27,41,69,63,10,35,0.32,0.0,0.82,0.25,hormonal_risk
24,50,88,100,21,1,4,0.15,0.67,0.71,0.0,hormonal_risk
42,100,30,46,41,5,21,0.44,0.92,0.19,0.89,toxin_risk
34,52,73,64,36,5,23,0.08,0.63,0.18,0.86,processed_food_heavy
78,60,52,28,59,3,13,0.49,0.54,0.24,0.61,balanced_user
51,22,45,28,64,1,9,0.69,0.25,0.25,0.62,healthy_trend
100,56,47,33,66,3,5,0.93,0.62,0.21,0.64,healthy_trend
52,36,42,22,63,4,21,0.63,0.13,0.11,0.9,balanced_user
59,69,27,62,50,7,27,0.34,0.49,0.87,0.22,hormonal_risk
64,49,25,48,60,17,66,0.93,0.46,0.18,0.65,healthy_trend
53,88,51,55,39,4,10,0.29,0.96,0.09882062688597111,0.54,toxin_risk
33,65,78,16,43,8,29,0.11,0.74,0.15,0.88,processed_food_heavy
54,31,30,32,65,7,34,0.44,0.44,0.16,0.45,balanced_user
36,80,100,52,26,4,17,0.32,0.6,0.05,0.83,processed_food_heavy
44,86,55,28,43,2,9,0.56,1.0,0.29,0.47,toxin_risk
91,82,78,94,34,4,14,0.21,0.78,0.58,0.65,hormonal_risk
33,61,31,69,43,3,10,0.43,0.71,0.0,0.0,hormonal_risk
90,40,28,31,72,7,32,0.75,0.17,0.13,0.59,balanced_user
43,71,31,38,50,6,22,0.52,0.71,0.11,0.86,toxin_risk
89,53,42,15,69,18,80,0.81,0.42,0.21,0.87,healthy_trend
32,74,55,32,42,5,8,0.51,0.64,0.06401412336043592,0.92,toxin_risk
70,66,88,41,43,6,24,0.19,0.55,0.0,0.67,processed_food_heavy
62,73,51,91,36,6,22,0.22,0.86,0.93,0.58,hormonal_risk
75,100,35,43,49,11,46,0.18,0.77,0.25,0.91,toxin_risk
100,40,0,22,84,14,61,0.82,0.37,0.0,0.48,healthy_trend
36,82,35,67,38,3,18,0.43,0.87,0.63,0.39,hormonal_risk
52,66,62,86,34,5,25,0.33,0.61,0.30519200263247614,0.0,hormonal_risk
44,89,61,84,27,11,43,0.46,0.87,0.95,0.63,hormonal_risk
74,92,63,35,46,9,33,0.52,0.77,0.31,0.73,toxin_risk
34,60,95,67,28,4,12,0.3,0.71,0.07,0.65,processed_food_heavy
51,95,75,0,45,3,8,0.46,1.0,0.17,0.73,toxin_risk
67,68,23,30,61,4,27,0.37,0.76,0.14,0.77,balanced_user
89,27,62,27,68,11,44,0.74,0.48,0.35,0.89,healthy_trend
63,15,40,14,73,15,55,0.92,0.4,0.08908012321507518,0.84,healthy_trend
61,87,54,17,50,6,31,0.52,0.92,0.27,0.49,toxin_risk
74,11,56,10,74,12,45,0.81,0.06,0.16548772938474637,0.72,healthy_trend
63,38,46,12,66,10,35,0.55,0.3,0.2114350229153206,0.81,healthy_trend
31,67,100,50,28,4,14,0.39,0.78,0.04,0.72,processed_food_heavy
33,98,37,50,37,12,43,0.39,0.9,0.12,0.79,toxin_risk
72,47,11,12,75,3,4,0.75,0.41,0.05865346053938064,0.69,healthy_trend
62,33,34,36,64,6,23,0.39,0.36,0.07762428982679621,0.46,balanced_user
67,51,72,63,45,6,16,0.39,0.52,0.48,0.0,hormonal_risk
51,48,37,23,60,14,58,0.36,0.47,0.33,0.51,balanced_user
27,99,54,39,33,11,34,0.52,1.0,0.033059495145857314,0.47,toxin_risk
79,34,29,14,75,3,11,0.87,0.44,0.0,0.61,healthy_trend
42,58,48,31,51,7,27,0.36,0.69,0.9,0.69,hormonal_risk
73,29,17,28,74,3,12,0.74,0.37,0.0,0.81,balanced_user
73,23,4,0,86,16,68,0.87,0.25,0.0,0.59,healthy_trend
56,55,45,35,55,10,34,0.42,0.53,0.08,0.0,toxin_risk
52,60,71,32,47,2,9,0.03,0.48,0.13,0.62,processed_food_heavy
75,97,90,1,46,7,34,0.58,1.0,0.06,0.74,toxin_risk
55,21,39,20,68,14,61,0.63,0.32,0.14,0.84,healthy_trend
83,21,0,13,87,1,4,0.64,0.38,0.045093071807499475,0.69,healthy_trend
87,10,15,9,88,18,73,0.88,0.0,0.09202736459801789,0.57,healthy_trend
74,71,72,20,52,6,34,0.28,0.82,0.11,0.9,processed_food_heavy
61,95,51,65,37,10,36,0.19,0.96,0.45,0.25,hormonal_risk
48,60,49,74,41,3,10,0.41,0.57,0.87,0.45,hormonal_risk
58,92,41,72,38,6,18,0.59,0.8,0.24,0.72,toxin_risk
60,78,39,55,47,2,6,0.27,0.94,0.1,0.67,toxin_risk
61,8,21,0,83,18,78,0.59,0.0,0.14,0.0,healthy_trend
69,85,58,20,51,12,53,0.18,0.72,0.16,0.8,toxin_risk
38,95,53,58,33,10,46,0.45,0.93,0.3,0.49,toxin_risk
63,0,33,27,75,12,47,0.7,0.0,0.0,0.0,balanced_user
80,70,31,33,61,3,9,0.68,0.81,0.0,0.75,balanced_user
27,40,76,42,42,6,19,0.33,0.34,0.1,0.78,processed_food_heavy
59,76,43,18,55,11,41,0.25,0.77,0.11,0.77,toxin_risk
64,15,66,0,70,14,51,0.68,0.23,0.23,0.46,balanced_user
85,48,48,12,69,5,24,0.65,0.52,0.35,0.89,balanced_user
78,15,36,27,75,3,10,0.38,0.23,0.24,0.51,balanced_user
63,84,19,79,45,12,45,0.54,0.91,0.48,0.53,hormonal_risk
54,100,43,30,45,2,5,0.4,1.0,0.18,0.77,toxin_risk
49,78,80,61,32,2,10,0.43,1.0,0.13,0.87,processed_food_heavy
44,100,61,38,36,3,11,0.5,1.0,0.19,0.0,toxin_risk
57,85,54,56,40,7,17,0.09,0.93,0.11,0.69,processed_food_heavy
59,100,30,59,42,10,39,0.15,1.0,0.37,0.53,hormonal_risk
46,84,86,50,31,3,16,0.46,0.85,0.1,0.67,toxin_risk
80,30,24,37,72,7,25,0.83,0.27,0.08,0.59,healthy_trend
82,49,48,64,55,14,57,0.66,0.67,0.12,0.5,balanced_user
87,25,41,6,78,15,64,0.95,0.41,0.08,0.47,healthy_trend
58,64,80,31,45,6,21,0.23,0.69,0.04,0.9,processed_food_heavy
52,22,65,23,60,16,61,0.71,0.11,0.23,0.75,healthy_trend
54,89,78,45,35,4,12,0.41,0.69,0.03,0.73,processed_food_heavy
84,28,21,19,79,14,41,0.79,0.47,0.29,0.79,healthy_trend
43,50,35,73,46,5,20,0.3,0.65,0.61,0.39,hormonal_risk
22,81,78,52,27,2,8,0.28,0.6,0.0,0.63,processed_food_heavy
71,56,48,21,61,4,14,0.53,0.5,0.18,0.66,balanced_user
73,29,38,39,66,11,50,0.72,0.47,0.33,0.73,healthy_trend
59,45,72,26,54,5,12,0.13,0.73,0.17,0.0,processed_food_heavy
39,61,61,26,47,11,47,0.42,0.85,0.19,0.91,toxin_risk
36,64,58,32,45,1,1,0.18,0.46,0.08,0.9,processed_food_heavy
43,62,48,80,38,10,31,0.42,0.66,0.0,0.54,hormonal_risk
57,52,56,6,60,2,15,0.69,0.51,0.06,0.89,balanced_user
64,40,14,81,57,2,9,0.56,0.47,0.024141074566077288,0.47,balanced_user
17,58,100,53,26,4,7,0.14,0.51,0.18,0.63,processed_food_heavy
62,80,46,37,49,10,49,0.27,0.9,0.15,0.69,toxin_risk
39,38,28,28,61,3,14,0.45,0.31,0.0,0.0,balanced_user
57,74,57,83,35,4,11,0.23,0.8,0.52,0.61,hormonal_risk
48,88,83,34,35,6,25,0.13,0.93,0.07,0.94,processed_food_heavy
58,72,53,41,48,2,10,0.15,0.61,0.14,0.69,toxin_risk
54,66,66,40,45,3,10,0.28,0.62,0.19,0.72,processed_food_heavy
46,99,60,35,38,5,22,0.55,1.0,0.11,0.58,toxin_risk
56,55,70,24,51,8,31,0.2,0.7,0.02,0.8,processed_food_heavy
38,100,80,92,16,5,22,0.2,1.0,0.08,0.75,processed_food_heavy
42,75,85,35,36,3,12,0.21,0.58,0.0,0.87,processed_food_heavy
71,41,61,10,64,13,53,0.57,0.38,0.39,0.59,healthy_trend
80,43,67,20,62,13,55,0.82,0.23,0.15,0.0,healthy_trend
50,64,50,65,42,7,29,0.27,0.59,0.48,0.48,hormonal_risk
31,63,67,21,45,5,21,0.19,0.71,0.26,0.6,toxin_risk
72,54,54,33,57,6,9,0.39,0.58,0.14,0.0,balanced_user
38,24,80,89,36,9,39,0.23,0.36,0.44,0.27,hormonal_risk
28,76,65,56,32,2,5,0.36,0.76,0.15,0.65,processed_food_heavy
45,78,49,77,35,3,14,0.19,0.85,0.4,0.5,hormonal_risk
56,69,65,98,31,4,8,0.44,0.53,0.65,0.75,hormonal_risk
67,22,59,38,62,7,32,0.79,0.0,0.0,0.64,balanced_user
57,89,44,76,37,12,51,0.24,0.84,0.67,0.66,hormonal_risk
49,90,50,34,43,6,27,0.37,0.87,0.15,0.9,toxin_risk
54,61,31,57,51,12,40,0.29,0.61,0.72,0.71,hormonal_risk
49,48,69,67,41,3,9,0.2,0.51,0.18,0.81,processed_food_heavy
20,47,18,36,54,9,33,0.72,0.41,0.27,0.67,balanced_user
73,1,41,19,78,10,34,0.75,0.0,0.23,0.43,balanced_user
58,11,51,32,66,8,36,0.69,0.16,0.12,0.83,healthy_trend
57,69,27,98,40,6,22,0.11,0.75,0.83,0.36,hormonal_risk
62,74,51,81,39,11,40,0.54,0.6,0.44,0.72,hormonal_risk
24,53,55,17,49,8,39,0.3,0.49,0.25,0.79,toxin_risk
58,60,53,17,57,11,43,0.31,0.46,0.0,0.74,toxin_risk
83,93,26,31,58,8,37,0.45,1.0,0.08,0.53,toxin_risk
37,90,53,80,28,2,3,0.43,0.85,0.12,0.55,toxin_risk
41,42,45,39,53,8,35,0.56,0.63,0.1606006083917091,0.7,balanced_user
50,100,56,92,25,8,31,0.11,1.0,0.83,0.53,hormonal_risk
12,61,78,77,24,7,30,0.31,0.64,0.18,0.0,processed_food_heavy
46,100,39,38,42,2,10,0.27,1.0,0.25,0.74,toxin_risk
32,85,53,75,29,11,45,0.47,0.96,0.33,0.0,hormonal_risk
77,15,71,22,67,6,23,0.35,0.35,0.09,0.61,balanced_user
45,74,48,84,34,12,46,0.53,0.71,0.66,0.23,hormonal_risk
83,95,69,54,41,7,35,0.51,0.85,0.29,0.89,toxin_risk
47,94,61,30,40,3,8,0.18,0.99,0.21,0.91,toxin_risk
56,72,39,54,47,9,34,0.19,0.77,0.78,0.57,hormonal_risk
78,55,65,74,46,7,28,0.29,0.61,0.86,0.54,hormonal_risk
90,59,6,6,79,5,19,0.54,0.87,0.19,0.55,balanced_user
56,47,38,18,63,5,24,0.41,0.68,0.13,0.71,balanced_user
55,22,75,13,61,8,36,0.7,0.29,0.07,0.77,balanced_user
21,69,86,49,29,7,30,0.22,0.61,0.019320856122284926,0.78,processed_food_heavy
78,69,50,30,57,5,15,0.52,0.65,0.26,0.8,toxin_risk
81,29,62,0,72,7,24,0.62,0.26,0.0,0.72,healthy_trend
37,15,59,48,53,6,25,0.53,0.16,0.07363629190986189,0.0,balanced_user
80,44,47,48,60,11,49,0.48,0.32,0.22,0.55,balanced_user
56,76,76,20,46,9,35,0.43,0.65,0.35,0.54,balanced_user
65,41,50,17,64,11,42,0.55,0.36,0.34,0.74,balanced_user
64,82,49,61,43,9,35,0.39,0.97,0.5,0.42,hormonal_risk
88,41,28,31,72,14,55,0.77,0.51,0.34,0.87,balanced_user
45,72,36,16,55,9,42,0.7,0.84,0.25,0.6,balanced_user
29,60,52,44,43,5,19,0.3,0.58,0.03075382188447576,0.93,toxin_risk
79,77,34,88,45,6,22,0.25,0.77,0.59,0.44,hormonal_risk
22,74,72,63,28,1,5,0.32,0.76,0.03427346124017428,0.91,processed_food_heavy
63,20,64,72,51,8,46,0.28,0.11,0.38,0.36,hormonal_risk
70,52,19,10,72,4,12,0.76,0.37,0.26,0.52,balanced_user
93,53,23,46,67,6,17,0.68,0.56,0.11095792011286706,0.83,healthy_trend
54,66,45,46,49,2,1,0.25,0.63,0.09079349935862299,0.61,toxin_risk
76,9,29,7,82,17,55,0.61,0.07,0.0,0.47,healthy_trend
76,75,32,84,46,2,19,0.42,0.84,0.10891482703563378,0.52,hormonal_risk
44,64,62,40,44,2,2,0.42,0.45,0.04,0.0,processed_food_heavy
32,61,69,100,25,10,31,0.39,0.49,0.32,0.38,hormonal_risk
67,60,54,22,57,12,52,0.66,0.81,0.26,0.41,balanced_user
100,59,45,0,74,6,26,0.56,0.72,0.32,0.79,balanced_user
74,12,23,50,72,17,69,0.56,0.19,0.36,0.7,healthy_trend
64,0,2,18,86,8,33,0.65,0.07,0.36,0.66,healthy_trend
48,17,9,32,72,3,11,0.63,0.32,0.14,0.56,healthy_trend
64,57,58,35,53,2,18,0.16,0.48,0.0,0.81,toxin_risk
64,84,60,85,33,10,51,0.32,0.7,0.6,0.55,hormonal_risk
72,22,34,0,79,13,50,0.62,0.25,0.030714878246760065,0.46,healthy_trend
39,53,10,30,61,3,4,0.51,0.49,0.06,0.87,balanced_user
54,82,74,97,25,11,51,0.23,0.7,0.41,0.46,hormonal_risk
100,25,37,0,84,10,34,0.69,0.0,0.18,0.65,healthy_trend
45,71,81,52,35,1,10,0.2,0.76,0.17,0.96,processed_food_heavy
52,36,32,48,59,10,31,0.42,0.36,0.19,0.57,balanced_user
51,78,73,56,36,3,14,0.31,0.88,0.53,0.41,hormonal_risk
60,22,46,44,62,3,10,0.49,0.09,0.0675438240973572,0.56,balanced_user
48,37,100,54,39,2,14,0.15,0.13,0.05741467447022886,0.73,processed_food_heavy
64,39,37,16,68,10,37,0.92,0.34,0.37,0.47,healthy_trend
35,65,63,22,46,3,10,0.2,0.3,0.02053449502444204,0.72,processed_food_heavy
66,76,48,1,60,4,14,0.41,0.8,0.14,0.66,balanced_user
81,31,58,19,68,4,14,0.63,0.11,0.09,0.64,balanced_user
89,38,28,14,77,11,39,0.56,0.22,0.22,0.88,balanced_user
52,71,100,59,30,8,37,0.26,0.64,0.15,0.74,processed_food_heavy
67,36,15,10,76,15,59,0.73,0.57,0.34,0.73,healthy_trend
64,100,78,33,38,12,51,0.43,1.0,0.12,0.62,toxin_risk
100,34,22,26,79,13,54,0.91,0.5,0.08,0.7,healthy_trend
73,59,30,50,58,13,47,0.56,0.57,0.29,0.73,balanced_user
36,46,48,73,42,8,31,0.13,0.57,0.47163798170579097,0.23,hormonal_risk
51,66,77,86,30,6,24,0.5,0.89,0.0,0.34,hormonal_risk
66,100,64,44,39,10,45,0.55,1.0,0.0,0.55,toxin_risk
72,29,56,38,62,11,47,0.38,0.29,0.15,0.66,balanced_user
56,8,56,50,60,8,30,0.94,0.12,0.13,0.46,healthy_trend
51,58,46,81,41,11,44,0.54,0.53,0.65,0.47,hormonal_risk
64,29,40,15,70,4,14,0.79,0.6,0.27,0.56,balanced_user
68,38,27,19,71,2,15,0.65,0.48,0.39,0.7,healthy_trend
80,80,45,58,49,4,19,0.22,0.6,0.67,0.0,hormonal_risk
45,64,39,76,41,10,38,0.29,0.86,0.4,0.0,hormonal_risk
45,78,57,89,30,2,2,0.25,0.9,0.13747290323462258,0.64,hormonal_risk
29,71,34,42,45,5,14,0.37,0.54,0.32,0.6,toxin_risk
78,20,5,6,86,14,47,0.56,0.4,0.32,0.63,healthy_trend
36,90,86,38,30,3,3,0.39,0.97,0.04,0.64,processed_food_heavy
39,96,55,57,32,7,28,0.31,0.73,0.1,0.65,processed_food_heavy
81,19,18,24,80,8,37,0.66,0.0,0.34,0.47,healthy_trend
93,35,5,13,85,14,51,0.83,0.01,0.3,0.65,healthy_trend
41,65,34,36,51,11,39,0.6,0.73,0.3,0.0,toxin_risk
53,43,44,38,57,14,67,0.51,0.49,0.32,0.8,balanced_user
77,20,23,2,83,8,26,0.71,0.34,0.13,0.74,healthy_trend
52,31,60,16,61,2,1,0.46,0.21,0.09,0.57,balanced_user
55,65,63,82,36,10,47,0.54,0.72,0.73,0.51,hormonal_risk
54,81,43,94,34,3,8,0.3,0.9,0.61,0.25,hormonal_risk
49,99,76,35,34,4,13,0.2,1.0,0.02,0.65,processed_food_heavy
82,100,93,24,41,4,22,0.52,1.0,0.17,0.57,toxin_risk
84,52,37,39,64,1,1,0.58,0.54,0.0,0.59,healthy_trend
100,45,47,22,71,16,61,0.65,0.55,0.37,0.61,healthy_trend
90,44,21,6,79,10,39,0.41,0.4,0.33,0.42,balanced_user
53,40,24,8,70,13,55,0.76,0.4,0.0,0.7,balanced_user
53,88,59,49,39,3,18,0.38,0.78,0.15,0.49,toxin_risk
45,91,60,44,37,12,48,0.56,1.0,0.26,0.48,toxin_risk
35,78,56,33,42,3,16,0.44,0.5,0.01,0.79,processed_food_heavy
50,64,44,62,45,12,50,0.56,0.58,0.23,0.72,healthy_trend
77,33,14,16,78,11,39,0.76,0.26,0.0,0.72,healthy_trend
64,70,51,31,53,4,26,0.44,0.73,0.27,0.0,toxin_risk
78,68,43,49,54,11,52,0.39,0.69,0.31,0.92,toxin_risk
31,89,100,51,22,1,6,0.21,0.7,0.13,0.68,processed_food_heavy
65,29,60,15,65,7,22,0.72,0.26,0.12,0.83,healthy_trend
68,89,74,91,28,9,30,0.13,0.96,0.73,0.36,hormonal_risk
37,45,76,35,45,1,4,0.17,0.3,0.03,0.62,processed_food_heavy
53,32,36,29,64,9,31,0.47,0.23,0.24,0.41,balanced_user
53,68,91,51,35,2,10,0.04,0.59,0.19,0.97,processed_food_heavy
60,62,17,8,68,5,24,0.45,0.5,0.02009359344443135,0.61,balanced_user
48,40,87,34,46,2,1,0.26,0.5,0.11,0.99,processed_food_heavy
76,43,69,42,55,16,57,0.91,0.42,0.26,0.81,healthy_trend
96,64,96,39,49,4,12,0.26,0.71,0.16,0.7,processed_food_heavy
25,46,89,51,34,3,6,0.29,0.39,0.2,0.76,processed_food_heavy
66,42,6,53,66,2,1,0.26,0.48,0.030140282351984782,0.59,toxin_risk
46,68,45,45,47,4,23,0.37,0.93,0.15,0.8,toxin_risk
76,11,15,17,83,13,55,0.62,0.17,0.29,0.71,healthy_trend
46,97,63,40,36,1,9,0.57,1.0,0.35,0.52,toxin_risk
15,65,65,55,32,2,2,0.18,0.59,0.2,0.0,processed_food_heavy
70,20,68,22,65,5,16,0.67,0.41,0.09,0.61,balanced_user
58,19,25,0,78,4,21,0.7,0.16,0.0,0.73,balanced_user
64,77,61,47,44,11,43,0.57,0.48,0.27,0.95,toxin_risk
51,84,40,32,48,8,27,0.51,0.82,0.27,0.9,toxin_risk
33,68,100,25,35,4,10,0.4,0.7,0.13,0.88,processed_food_heavy
62,0,49,29,71,2,4,0.45,0.1,0.13186823633458372,0.9,balanced_user
95,53,24,9,77,6,32,0.93,0.39,0.19,0.82,healthy_trend
98,20,51,17,77,10,38,0.89,0.15,0.16,0.45,healthy_trend
66,38,39,32,64,1,3,0.56,0.38,0.33,0.7,balanced_user
59,100,45,49,41,4,5,0.38,0.95,0.16617832735254476,0.66,toxin_risk
69,75,82,16,49,5,16,0.45,0.76,0.0,0.93,toxin_risk
32,87,81,21,35,11,38,0.17,0.75,0.28,0.78,toxin_risk
22,83,98,48,23,4,12,0.24,1.0,0.17,0.82,processed_food_heavy
89,50,37,6,74,12,46,0.35,0.5,0.31,0.82,balanced_user
52,79,87,28,39,3,11,0.06,0.75,0.18,0.96,processed_food_heavy
20,25,82,25,47,3,8,0.33,0.07,0.16,0.73,processed_food_heavy
0,91,95,19,23,1,1,0.06,0.94,0.06,0.69,processed_food_heavy
58,41,54,59,51,1,10,0.32,0.58,0.33,0.68,toxin_risk
57,63,60,99,33,7,32,0.23,0.77,0.38,0.66,hormonal_risk
29,48,57,47,44,7,30,0.42,0.54,0.08,0.99,processed_food_heavy
71,91,51,40,47,5,15,0.45,0.76,0.034604325080497704,0.48,toxin_risk
64,25,51,9,69,14,60,0.59,0.34,0.0,0.53,healthy_trend
64,94,50,7,53,8,30,0.5,0.96,0.031715635809897044,0.55,toxin_risk
53,41,23,46,60,6,31,0.72,0.51,0.13,0.47,healthy_trend
69,37,59,32,60,13,43,0.55,0.32,0.17,0.48,balanced_user
56,43,5,26,70,6,18,0.75,0.46,0.03701453478967883,0.48,healthy_trend
52,88,71,14,44,12,43,0.16,0.92,0.23,0.82,toxin_risk
66,74,60,54,44,12,52,0.16,0.46,0.34,0.54,toxin_risk
36,61,69,88,29,1,1,0.35,0.67,0.32,0.21,hormonal_risk
80,30,94,30,56,5,18,0.61,0.3,0.025802552736751052,0.54,balanced_user
75,68,65,63,44,8,27,0.23,0.85,0.55,0.37,hormonal_risk
47,66,61,10,52,7,20,0.41,0.78,0.25,0.51,toxin_risk
42,96,65,70,27,7,31,0.35,0.98,0.79,0.39,hormonal_risk
59,69,62,52,44,3,17,0.25,0.64,0.34,0.56,toxin_risk
93,100,38,35,55,10,43,0.24,1.0,0.27,0.62,toxin_risk
68,60,37,45,56,8,25,0.27,0.47,0.10702976769587136,0.82,toxin_risk
91,25,13,23,82,15,57,0.58,0.35,0.33,0.0,healthy_trend
59,83,60,37,44,5,20,0.2,0.85,0.22,0.74,toxin_risk
66,90,31,3,60,7,32,0.22,0.88,0.3,0.0,toxin_risk
39,100,84,72,20,6,18,0.17,1.0,0.08,0.93,processed_food_heavy
45,60,38,67,45,4,14,0.16,0.68,0.46,0.4,hormonal_risk
54,83,40,35,49,4,23,0.38,1.0,0.33,0.83,toxin_risk
54,85,61,43,41,2,7,0.27,0.78,0.13,0.46,toxin_risk
70,56,59,0,63,11,47,0.44,0.75,0.07837624464156212,0.54,toxin_risk
46,78,51,85,33,8,40,0.37,1.0,0.74,0.28,hormonal_risk
80,61,33,25,65,14,56,0.92,0.67,0.13,0.84,healthy_trend
100,40,38,36,71,14,60,0.62,0.18,0.09699398406400397,0.0,healthy_trend
45,15,70,0,65,5,20,0.74,0.19,0.22,0.78,balanced_user
28,72,41,100,28,9,34,0.46,0.75,0.9,0.2,hormonal_risk
72,24,12,27,77,6,28,0.55,0.38,0.11,0.72,healthy_trend
79,19,21,0,84,8,26,0.91,0.16,0.15,0.55,healthy_trend
57,89,51,14,50,14,59,0.35,1.0,0.3,0.47,balanced_user
42,100,41,56,36,5,18,0.56,0.9,0.12,0.92,toxin_risk
54,52,20,15,66,18,65,0.65,0.53,0.061348193451530524,0.84,healthy_trend
55,51,68,71,41,4,27,0.38,0.57,0.34,0.31,hormonal_risk
13,55,83,50,31,6,30,0.39,0.42,0.023674467410613343,0.72,processed_food_heavy
31,52,76,97,26,4,18,0.4,0.62,0.73,0.64,hormonal_risk
78,30,26,18,76,4,12,0.7,0.22,0.34,0.64,balanced_user
40,77,58,32,43,5,24,0.04,0.86,0.03,0.68,processed_food_heavy
37,95,62,35,36,2,10,0.4,0.91,0.052023512262146465,0.0,processed_food_heavy
67,56,67,99,36,6,20,0.28,0.45,0.89,0.29,hormonal_risk
56,55,34,25,60,9,31,0.28,0.37,0.0,0.65,toxin_risk
42,65,37,57,45,7,28,0.41,0.83,0.23,0.49,toxin_risk
61,65,47,80,42,7,29,0.18,0.4,0.22539567741054461,0.0,hormonal_risk
65,75,45,20,56,12,45,0.27,0.72,0.12,0.83,toxin_risk
65,76,75,25,47,4,22,0.34,0.78,0.24,0.54,toxin_risk
74,4,21,10,84,16,62,0.69,0.1,0.12,0.55,healthy_trend
57,76,55,62,41,3,9,0.53,0.89,0.28,0.72,toxin_risk
46,93,79,55,29,7,29,0.38,1.0,0.03,0.76,processed_food_heavy
33,99,46,50,34,3,18,0.35,1.0,0.33,0.72,toxin_risk
52,78,38,58,44,10,41,0.41,0.93,0.28,0.82,toxin_risk
100,0,56,59,71,15,53,0.92,0.21,0.31,0.79,healthy_trend
21,67,56,81,29,4,8,0.46,0.83,0.6,0.58,hormonal_risk
41,21,72,30,54,4,13,0.36,0.18,0.27,0.63,balanced_user
74,95,16,20,60,4,13,0.37,0.81,0.05,0.51,toxin_risk
43,68,40,36,49,7,27,0.46,0.76,0.13,0.76,toxin_risk
25,88,48,54,33,8,36,0.11,0.96,0.06,0.96,processed_food_heavy
60,75,60,35,47,9,32,0.5,0.81,0.13,0.85,toxin_risk
62,97,59,84,30,8,23,0.53,0.9,0.56,0.59,hormonal_risk
56,66,28,10,63,3,13,0.31,0.79,0.33,0.46,toxin_risk
45,61,86,73,31,3,11,0.02,0.63,0.04734141606368093,0.96,processed_food_heavy
19,14,35,17,63,17,57,0.63,0.25,0.15,0.58,healthy_trend
58,67,70,52,42,11,36,0.59,0.59,0.05318459731890921,0.56,toxin_risk
32,69,44,34,46,1,1,0.24,0.73,0.09,0.9,processed_food_heavy
41,52,22,37,57,9,34,0.71,0.57,0.07078848713306332,0.69,balanced_user
79,78,69,65,41,5,22,0.51,0.65,0.0,0.0,hormonal_risk
51,44,39,81,46,9,42,0.12,0.44,0.33,0.33,hormonal_risk
40,78,56,100,26,9,39,0.31,0.77,0.88,0.45,hormonal_risk
56,49,59,49,49,7,24,0.05,0.29,0.04,0.69,processed_food_heavy
77,36,45,32,66,14,57,0.79,0.48,0.0,0.86,balanced_user
84,39,44,39,65,17,67,0.69,0.55,0.18,0.79,healthy_trend
39,57,33,16,58,2,8,0.65,0.53,0.35,0.87,balanced_user
93,52,49,31,65,16,68,0.61,0.62,0.18,0.48,healthy_trend
42,87,40,84,32,12,46,0.51,0.89,0.57,0.56,hormonal_risk
32,57,96,45,33,8,30,0.13,0.67,0.07,0.65,processed_food_heavy
62,57,100,50,38,5,17,0.34,0.24,0.18,0.79,processed_food_heavy
95,53,48,0,73,17,70,0.91,0.47,0.32,0.87,healthy_trend
35,46,46,16,56,6,27,0.57,0.64,0.05,0.42,balanced_user
65,91,70,69,33,3,1,0.14,1.0,0.1,0.76,processed_food_heavy
61,84,52,100,31,8,21,0.47,0.69,0.52,0.37,hormonal_risk
55,56,35,45,54,3,6,0.35,0.51,0.19,0.7,balanced_user
59,60,49,87,40,12,53,0.54,0.54,0.81,0.69,hormonal_risk
75,74,65,30,51,5,20,0.41,0.83,0.18,0.98,processed_food_heavy
55,61,76,43,43,4,10,0.34,0.73,0.0,0.7,processed_food_heavy
42,90,56,81,28,7,35,0.12,1.0,0.35,0.61,hormonal_risk
52,76,43,47,46,8,33,0.43,0.74,0.14,0.93,toxin_risk
83,23,38,10,78,12,51,0.58,0.2,0.24,0.55,healthy_trend
60,86,40,48,46,3,18,0.47,0.52,0.26,0.77,toxin_risk
35,73,64,39,39,10,35,0.4,0.8,0.29,0.55,toxin_risk
72,68,43,64,49,3,1,0.24,0.69,0.10918742255615999,0.9,toxin_risk
40,78,75,38,37,5,11,0.16,0.77,0.05821600158729123,0.7,processed_food_heavy
58,84,52,61,40,11,40,0.36,1.0,0.0,0.67,hormonal_risk
54,34,21,48,62,14,60,0.35,0.05,0.32,0.0,balanced_user
95,58,78,77,45,11,44,0.46,0.6,0.73,0.65,hormonal_risk
38,92,83,50,28,4,29,0.39,1.0,0.01991245493179732,0.87,processed_food_heavy
57,65,69,76,36,7,30,0.42,0.71,0.4,0.58,hormonal_risk
40,73,84,32,37,3,13,0.25,0.88,0.03,0.88,processed_food_heavy
54,85,44,20,51,3,13,0.51,0.97,0.06,0.89,toxin_risk
63,34,17,38,68,14,60,0.74,0.25,0.27,0.82,balanced_user
56,53,27,96,45,5,18,0.2,0.45,0.13355868161363826,0.72,hormonal_risk
77,67,51,59,50,2,12,0.36,0.56,0.47,0.29,hormonal_risk
65,55,33,99,44,5,21,0.42,0.59,0.74,0.21,hormonal_risk
84,55,38,36,63,12,47,0.41,0.59,0.06,0.42,balanced_user
70,62,55,88,41,9,33,0.43,0.47,0.46392369673401235,0.6,hormonal_risk
77,45,16,34,70,6,22,0.82,0.51,0.07,0.88,healthy_trend
79,29,46,47,64,8,20,0.6,0.38,0.28,0.73,healthy_trend
50,69,48,60,43,4,17,0.11,0.8,0.3217191416162709,0.0,hormonal_risk
79,37,19,20,75,16,71,0.92,0.61,0.07890976210547417,0.71,healthy_trend
12,53,73,36,37,3,10,0.42,0.63,0.13,0.85,processed_food_heavy
95,19,34,2,85,4,9,0.6,0.19,0.23,0.51,balanced_user
100,65,74,62,49,5,15,0.2,0.66,0.17,0.49,toxin_risk
42,74,76,86,26,10,43,0.43,0.62,0.6,0.32,hormonal_risk
41,71,69,33,42,8,32,0.25,0.64,0.02,0.0,processed_food_heavy
55,45,63,83,41,4,24,0.36,0.29,0.36,0.0,hormonal_risk
76,86,59,31,50,4,15,0.24,1.0,0.2,0.81,toxin_risk
38,63,63,71,35,1,10,0.12,0.66,0.59,0.0,hormonal_risk
73,71,66,78,39,2,8,0.42,0.55,0.52,0.59,hormonal_risk
39,69,27,27,54,8,32,0.26,0.58,0.07723937512994716,0.75,toxin_risk
67,66,57,55,47,8,29,0.46,0.59,0.26,0.58,balanced_user
40,43,24,9,66,8,31,0.6,0.47,0.3,0.79,balanced_user
92,26,22,21,80,14,60,0.81,0.35,0.0,0.88,healthy_trend
48,86,96,35,32,2,13,0.45,0.99,0.011867572780015384,0.66,processed_food_heavy
46,98,57,20,42,3,11,0.49,1.0,0.35,0.83,toxin_risk
79,51,36,25,66,3,13,0.39,0.54,0.23,0.88,balanced_user
65,57,61,35,53,6,29,0.19,0.53,0.57,0.44,hormonal_risk
86,67,80,66,43,7,22,0.1,0.56,0.19,0.92,processed_food_heavy
63,29,11,54,67,3,9,0.55,0.1,0.2,0.79,balanced_user
46,85,52,33,44,8,39,0.45,0.74,0.28,0.58,balanced_user
49,73,41,62,43,12,53,0.3,0.92,0.14875269555926662,0.44,hormonal_risk
49,44,49,37,54,8,29,0.5,0.41,0.12,0.88,balanced_user
60,90,58,63,37,6,26,0.11,0.9,0.65,0.64,hormonal_risk
52,49,97,42,41,6,19,0.23,0.52,0.02,0.77,processed_food_heavy
50,83,54,51,40,8,36,0.18,0.88,0.0,0.66,toxin_risk
70,41,79,15,58,4,14,0.48,0.4,0.33,0.48,toxin_risk
49,82,45,24,49,9,36,0.48,0.68,0.09900509835434299,0.89,toxin_risk
47,71,85,49,35,3,17,0.32,0.82,0.0,0.85,processed_food_heavy
58,75,74,36,43,5,13,0.42,0.58,0.08,0.61,processed_food_heavy
48,69,52,48,44,4,3,0.52,0.61,0.07564883190033568,0.62,toxin_risk
33,76,86,19,38,3,14,0.42,0.82,0.2,0.0,processed_food_heavy
99,36,40,23,75,16,71,0.75,0.5,0.11,0.79,healthy_trend
42,61,58,37,46,2,1,0.2,0.79,0.14,0.91,toxin_risk
73,54,67,65,46,12,37,0.18,0.41,0.54,0.56,hormonal_risk
91,31,20,50,72,14,71,0.7,0.15,0.11,0.68,healthy_trend
54,74,51,59,42,3,14,0.56,0.66,0.2,0.84,balanced_user
84,62,70,47,51,2,1,0.2,0.71,0.14,0.83,processed_food_heavy
63,100,49,15,49,12,48,0.46,0.92,0.31,0.9,toxin_risk
51,65,80,0,51,3,2,0.6,0.86,0.15,0.53,toxin_risk
75,39,38,16,70,9,37,0.69,0.38,0.07914591074462739,0.89,balanced_user
54,41,39,13,65,17,56,0.58,0.38,0.16242670546344457,0.0,healthy_trend
69,69,34,83,45,10,31,0.22,0.57,0.45,0.39,hormonal_risk
83,34,50,42,64,7,29,0.62,0.4,0.26,0.66,balanced_user
66,57,39,98,43,3,7,0.39,0.77,0.36,0.71,hormonal_risk
53,85,80,38,37,3,18,0.37,0.82,0.13,0.65,processed_food_heavy
80,62,52,40,56,5,15,0.56,0.6,0.0648485186652287,0.57,toxin_risk
57,100,31,29,49,2,5,0.16,1.0,0.014332963929531825,0.61,toxin_risk
76,71,55,33,54,3,14,0.51,0.57,0.06,0.87,toxin_risk
62,52,42,91,44,5,23,0.21,0.44,0.34,0.66,hormonal_risk
90,51,60,15,66,12,49,0.2,0.67,0.21,0.57,toxin_risk
65,56,30,95,46,8,26,0.27,0.59,0.72,0.38,hormonal_risk
50,68,65,26,47,3,18,0.08,0.85,0.14,0.72,processed_food_heavy
70,38,38,4,72,8,31,0.92,0.17,0.2,0.74,healthy_trend
81,48,51,94,47,3,8,0.17,0.64,0.0,0.66,hormonal_risk
66,69,52,75,42,8,27,0.5,0.62,0.37,0.68,hormonal_risk
76,73,60,71,43,5,30,0.28,0.63,0.6,0.0,hormonal_risk
60,38,51,57,53,3,11,0.26,0.35,0.65,0.27,hormonal_risk
54,66,20,96,43,9,28,0.49,0.77,0.71,0.33,hormonal_risk
42,57,52,7,56,2,10,0.28,0.6,0.2,0.59,toxin_risk
71,56,83,52,45,8,31,0.4,0.61,0.06,0.65,processed_food_heavy
43,23,56,21,60,6,18,0.56,0.36,0.28,0.85,balanced_user
72,33,30,52,64,2,5,0.71,0.39,0.3,0.63,healthy_trend
48,65,40,10,58,3,10,0.59,0.51,0.0796042277569495,0.47,toxin_risk
58,56,74,47,45,4,2,0.42,0.73,0.16,0.88,processed_food_heavy
65,32,56,49,57,13,51,0.68,0.3,0.27,0.0,balanced_user
65,67,68,46,46,3,9,0.19,0.58,0.06,0.7,processed_food_heavy
61,50,30,40,60,12,46,0.46,0.38,0.13,0.88,toxin_risk
69,57,56,19,59,8,31,0.44,0.59,0.1022275142363365,0.7,balanced_user
45,54,68,35,47,7,26,0.52,0.36,0.15512700659665624,0.9,toxin_risk
82,47,57,36,60,3,9,0.49,0.49,0.09,0.0,toxin_risk
100,23,38,36,75,7,35,0.57,0.32,0.2,0.75,healthy_trend
49,83,61,22,45,9,43,0.44,0.88,0.31,0.77,toxin_risk
57,42,54,23,59,3,15,0.46,0.5,0.34,0.0,balanced_user
58,52,73,58,43,7,27,0.4,0.43,0.32,0.72,balanced_user
70,15,38,23,73,12,51,0.79,0.44,0.2,0.76,healthy_trend
51,35,32,0,71,14,64,0.8,0.51,0.34,0.54,balanced_user
66,28,25,27,71,3,16,0.74,0.24,0.16,0.0,balanced_user
57,73,53,55,44,3,13,0.32,0.58,0.34,0.54,toxin_risk
84,14,35,38,74,8,35,0.66,0.31,0.11,0.58,healthy_trend
28,49,93,45,35,8,32,0.23,0.47,0.06263766101331891,0.75,processed_food_heavy
58,18,72,15,63,11,33,0.55,0.21,0.26,0.78,balanced_user
70,46,36,13,68,6,27,0.63,0.37,0.03281324426760257,0.86,balanced_user
36,48,85,69,33,4,13,0.25,0.51,0.0,0.64,processed_food_heavy
70,47,33,15,68,18,64,0.9,0.56,0.0,0.6,healthy_trend
80,100,83,34,40,3,10,0.24,0.9,0.03,0.87,processed_food_heavy
70,97,36,35,50,3,15,0.5,0.9,0.23,0.56,toxin_risk
73,58,36,48,57,6,28,0.4,0.5,0.14,0.94,processed_food_heavy
31,10,44,26,62,13,53,0.56,0.13,0.28,0.78,healthy_trend
56,100,52,25,44,5,18,0.15,0.88,0.1759533707880711,0.62,toxin_risk
95,34,35,18,77,10,38,0.58,0.46,0.16,0.54,healthy_trend
71,18,21,7,81,10,41,0.81,0.0,0.08,0.61,healthy_trend
60,52,45,100,40,8,34,0.2,0.37,0.4,0.57,hormonal_risk
65,77,63,29,49,12,47,0.5,0.81,0.14,0.59,toxin_risk
41,100,24,62,38,10,36,0.24,1.0,0.13,0.59,toxin_risk
78,61,57,82,44,11,48,0.29,0.55,0.65,0.42,hormonal_risk
52,57,40,58,49,8,27,0.18,0.63,0.0,0.68,hormonal_risk
49,38,69,60,45,1,4,0.14,0.28,0.19,0.88,processed_food_heavy
67,51,45,9,65,16,72,0.85,0.59,0.06,0.55,healthy_trend
86,75,53,96,40,6,27,0.19,0.75,0.49,0.6,hormonal_risk
95,35,2,4,88,2,1,0.59,0.44,0.14,0.86,healthy_trend
63,87,78,62,34,2,1,0.38,1.0,0.18,0.0,processed_food_heavy
79,75,69,37,49,6,22,0.31,0.72,0.03,0.0,processed_food_heavy
82,81,38,79,46,2,5,0.44,0.92,0.76,0.21,hormonal_risk
59,54,81,25,49,7,25,0.08,0.63,0.16,0.78,processed_food_heavy
61,40,87,42,48,3,11,0.31,0.6,0.08,0.0,processed_food_heavy
49,51,60,91,36,5,19,0.3,0.51,0.52,0.51,hormonal_risk
87,77,74,26,52,9,46,0.34,0.9,0.24,0.68,toxin_risk
55,100,49,26,45,11,40,0.26,1.0,0.05,0.64,toxin_risk
37,93,60,85,24,2,3,0.28,0.84,0.56,0.52,hormonal_risk
60,44,56,8,63,5,15,0.44,0.55,0.12,0.57,balanced_user
64,91,48,15,52,7,21,0.26,0.9,0.24,0.71,toxin_risk
68,47,9,1,77,6,17,0.73,0.65,0.09,0.55,balanced_user
50,33,35,30,63,12,44,0.79,0.42,0.2,0.73,balanced_user
91,24,29,28,77,15,65,0.87,0.22,0.17,0.54,healthy_trend
51,42,68,78,40,3,20,0.44,0.36,0.03,0.65,processed_food_heavy
62,100,42,26,48,10,42,0.22,1.0,0.0,0.49,toxin_risk
97,33,22,0,85,7,28,0.84,0.39,0.4,0.62,healthy_trend
71,52,64,85,42,11,50,0.11,0.46,0.32323642431320804,0.7,hormonal_risk
46,81,86,58,30,4,15,0.48,0.93,0.25,0.75,toxin_risk
45,72,23,87,40,11,40,0.29,0.83,0.73,0.36,hormonal_risk
61,41,27,31,65,12,49,0.94,0.5,0.29,0.47,healthy_trend
90,28,38,13,77,18,69,0.89,0.47,0.3,0.86,healthy_trend
45,73,55,44,43,2,2,0.34,0.6,0.28,0.85,toxin_risk
76,35,23,35,70,13,58,0.54,0.25,0.09,0.64,balanced_user
67,93,57,53,41,6,29,0.15,0.77,0.03,0.72,processed_food_heavy
71,30,14,43,71,11,37,0.57,0.4,0.09,0.47,balanced_user
34,62,58,47,41,6,23,0.33,0.67,0.09,0.59,toxin_risk
60,23,39,35,65,13,47,0.59,0.15,0.37,0.51,healthy_trend
87,40,15,0,83,18,71,0.59,0.54,0.25,0.71,healthy_trend
57,70,25,57,51,11,42,0.15,0.78,0.20206786665140847,0.52,hormonal_risk
54,35,34,76,52,10,49,0.36,0.43,0.2303800512247988,0.73,hormonal_risk
84,24,30,30,75,15,59,0.62,0.14,0.23,0.7,healthy_trend
65,83,39,47,49,11,41,0.55,0.74,0.18,0.81,toxin_risk
81,83,39,50,52,6,19,0.43,0.66,0.35,0.65,hormonal_risk
72,40,41,7,71,14,50,0.5,0.39,0.21,0.46,balanced_user
35,69,81,67,29,4,6,0.43,0.74,0.05,0.6,processed_food_heavy
48,90,55,25,44,2,11,0.34,0.89,0.1,0.8,processed_food_heavy
78,22,57,12,71,11,42,0.87,0.15,0.29,0.56,healthy_trend
81,32,35,56,64,7,28,0.73,0.53,0.12,0.59,balanced_user
66,56,45,0,66,15,59,0.87,0.72,0.35,0.47,healthy_trend
64,62,50,39,53,3,14,0.38,0.86,0.09113587694100098,0.59,toxin_risk
58,100,42,100,29,3,6,0.11,1.0,0.61,0.51,hormonal_risk
31,57,65,69,35,8,37,0.41,0.65,0.37,0.53,hormonal_risk
54,63,75,100,29,10,43,0.49,0.52,0.55,0.72,hormonal_risk
43,76,82,54,32,5,11,0.37,0.76,0.13,0.7,processed_food_heavy
44,40,38,21,61,12,49,0.52,0.21,0.08,0.52,balanced_user
90,42,25,1,80,6,31,0.73,0.27,0.32,0.89,healthy_trend
30,85,32,28,46,4,17,0.37,1.0,0.15,0.63,toxin_risk
100,9,26,14,87,10,42,0.74,0.0,0.21,0.74,healthy_trend
48,90,90,51,29,5,25,0.23,0.78,0.01,0.75,processed_food_heavy
35,66,45,17,51,8,27,0.16,0.62,0.25,0.66,toxin_risk
57,53,11,11,70,5,17,0.45,0.34,0.12,0.4,balanced_user
62,56,53,41,53,11,44,0.19,0.71,0.29,0.64,toxin_risk
40,92,60,35,38,1,15,0.21,0.9,0.07,0.46,toxin_risk
83,23,19,28,78,9,33,0.75,0.21,0.25,0.86,healthy_trend
18,43,100,53,30,4,12,0.16,0.53,0.023930425989205216,0.93,processed_food_heavy
41,69,80,38,38,7,22,0.29,0.76,0.02,0.96,processed_food_heavy
48,87,53,19,47,9,32,0.38,0.61,0.33,0.92,toxin_risk
57,100,37,40,45,9,29,0.18,1.0,0.33,0.86,toxin_risk
70,83,73,45,42,12,50,0.34,1.0,0.24,0.71,toxin_risk
87,79,39,30,59,10,48,0.2,0.63,0.06875356041788014,0.77,toxin_risk
93,16,7,44,81,6,24,0.66,0.11,0.31,0.56,healthy_trend
52,89,34,41,47,3,16,0.54,0.82,0.0,0.79,toxin_risk
37,91,86,51,27,6,26,0.07,0.81,0.16,0.64,processed_food_heavy
88,37,37,7,76,12,43,0.71,0.27,0.25,0.51,healthy_trend
59,31,41,50,59,11,44,0.38,0.35,0.0,0.78,balanced_user
66,22,39,23,70,10,45,0.55,0.25,0.25,0.84,healthy_trend
100,40,4,1,88,8,38,0.8,0.52,0.06,0.7,healthy_trend
64,23,69,33,59,3,16,0.66,0.12,0.3,0.81,balanced_user
78,64,37,92,46,10,31,0.45,0.6,0.32,0.0,hormonal_risk
89,68,29,85,51,12,35,0.42,0.76,0.85,0.65,hormonal_risk
71,36,49,25,65,14,55,0.93,0.5,0.07,0.73,healthy_trend
77,26,44,9,74,7,24,0.73,0.22,0.06609769569858354,0.0,healthy_trend
71,58,24,49,60,7,30,0.42,0.61,0.21,0.68,balanced_user
62,87,97,51,31,2,10,0.42,0.74,0.04,0.0,processed_food_heavy
100,61,51,0,72,11,38,0.4,0.71,0.3,0.9,balanced_user
42,89,70,39,36,2,3,0.23,0.87,0.23,0.76,toxin_risk
51,50,30,79,48,7,27,0.26,0.37,0.7,0.7,hormonal_risk
72,87,82,25,44,6,24,0.48,0.99,0.0441356122904743,0.52,toxin_risk
79,61,44,32,60,5,21,0.3,0.53,0.2,0.94,toxin_risk
44,100,71,28,36,3,16,0.49,1.0,0.3,0.78,toxin_risk
39,51,45,3,60,7,23,0.87,0.57,0.29,0.83,healthy_trend
39,78,73,26,40,2,6,0.15,0.7,0.17,0.79,processed_food_heavy
37,95,72,8,40,6,24,0.43,0.98,0.23,0.85,toxin_risk
53,37,37,87,48,11,45,0.12,0.23,0.56,0.38,hormonal_risk
73,39,44,12,69,18,71,0.7,0.54,0.11,0.85,healthy_trend
55,89,69,24,43,2,7,0.44,0.93,0.33,0.81,toxin_risk
42,77,45,1,54,14,46,0.8,0.72,0.23,0.89,balanced_user
84,8,52,20,76,16,68,0.79,0.09,0.09504475595778049,0.71,healthy_trend
50,30,47,52,55,3,5,0.69,0.17,0.35,0.7,healthy_trend
56,63,48,76,42,9,39,0.29,0.58,0.1,0.58,toxin_risk
70,38,53,33,61,12,34,0.65,0.26,0.21,0.0,balanced_user
55,100,39,100,29,3,8,0.15,1.0,0.6,0.0,hormonal_risk
54,91,54,88,30,2,6,0.46,1.0,0.34,0.71,hormonal_risk
30,46,29,48,51,7,28,0.53,0.3,0.18,0.43,balanced_user
62,62,59,59,45,5,18,0.2,0.66,0.57,0.4,hormonal_risk
47,55,70,17,51,7,25,0.3,0.66,0.13,0.72,processed_food_heavy
29,78,98,49,26,4,17,0.08,0.73,0.04,0.9,processed_food_heavy
47,34,18,29,66,4,14,0.72,0.17,0.17,0.73,balanced_user
100,21,42,30,76,2,5,0.71,0.18,0.18,0.46,balanced_user
52,96,29,55,43,6,23,0.41,0.99,0.14,0.0,toxin_risk
59,75,34,100,37,3,4,0.34,0.71,0.76,0.73,hormonal_risk
54,81,45,79,37,10,31,0.15,0.59,0.36,0.0,hormonal_risk
56,9,69,4,68,3,7,0.62,0.06,0.34,0.82,balanced_user
72,43,32,13,71,14,57,0.9,0.4,0.17,0.54,healthy_trend
55,93,100,56,26,6,19,0.24,0.95,0.17,0.97,processed_food_heavy
46,84,56,93,28,12,45,0.32,0.73,0.53,0.51,hormonal_risk
56,64,47,57,47,8,33,0.49,0.42,0.58,0.73,hormonal_risk
40,74,63,70,33,9,37,0.28,0.69,0.42,0.21,hormonal_risk
66,62,78,100,31,11,46,0.15,0.58,0.66,0.7,hormonal_risk
55,84,22,76,43,11,41,0.25,0.61,0.36,0.3,hormonal_risk
43,74,58,17,48,6,34,0.37,0.97,0.1,0.82,processed_food_heavy
65,14,58,4,72,9,34,0.76,0.15,0.09,0.52,balanced_user
51,81,25,21,56,2,4,0.59,0.78,0.28,0.0,toxin_risk
75,13,21,41,75,11,41,0.77,0.13,0.34,0.45,balanced_user
29,87,59,51,33,10,43,0.38,0.98,0.19,0.57,toxin_risk
51,56,26,0,67,9,31,0.58,0.29,0.31,0.0,healthy_trend
78,55,48,32,60,4,8,0.56,0.71,0.28,0.54,balanced_user
52,56,64,100,33,9,28,0.47,0.4,0.31,0.36,hormonal_risk
52,72,39,50,47,2,2,0.23,0.66,0.69,0.46,hormonal_risk
53,82,48,78,36,2,12,0.36,0.7,0.22899682964530613,0.0,hormonal_risk
70,38,49,7,69,7,31,0.48,0.43,0.35,0.51,balanced_user
50,77,38,37,49,2,1,0.42,0.86,0.26,0.88,toxin_risk
27,85,67,14,40,6,19,0.06,0.99,0.14,0.92,processed_food_heavy
65,69,40,79,44,1,5,0.54,0.65,0.54,0.55,hormonal_risk
76,41,46,60,57,5,18,0.36,0.51,0.88,0.35,hormonal_risk
65,84,58,43,45,11,46,0.44,0.87,0.13,0.52,toxin_risk
61,100,48,39,43,10,42,0.57,0.96,0.03449557169238977,0.85,toxin_risk
62,63,94,49,39,8,36,0.45,0.54,0.014778883496952862,0.99,processed_food_heavy
74,34,5,15,80,16,69,0.62,0.44,0.16,0.6,healthy_trend
100,8,14,34,86,7,28,0.81,0.13,0.32,0.0,healthy_trend
45,59,46,53,46,6,23,0.7,0.6,0.06,0.73,balanced_user
65,52,34,57,55,2,16,0.3,0.62,0.53,0.72,hormonal_risk
38,78,93,43,31,2,6,0.11,0.8,0.01,0.72,processed_food_heavy
82,72,46,41,55,2,8,0.26,0.6,0.16,0.7,toxin_risk
31,86,72,53,30,7,29,0.23,0.94,0.05,0.85,processed_food_heavy
74,58,48,67,50,3,6,0.4,0.6,0.76,0.54,hormonal_risk
51,59,42,15,58,5,18,0.72,0.8,0.06,0.84,balanced_user
33,79,42,31,45,12,49,0.45,0.9,0.052921803571105284,0.74,toxin_risk
93,39,38,7,77,3,10,0.62,0.36,0.0420958355339742,0.58,healthy_trend
82,3,0,18,90,13,54,0.82,0.16,0.08,0.63,healthy_trend
95,31,6,0,89,14,51,0.86,0.16,0.05,0.56,healthy_trend
52,26,60,79,46,4,6,0.23,0.25,0.35,0.0,hormonal_risk
64,54,55,69,46,11,47,0.17,0.76,0.69,0.71,hormonal_risk
55,61,73,28,48,3,15,0.19,0.62,0.13,0.94,toxin_risk
75,56,34,25,65,3,9,0.89,0.58,0.09,0.46,healthy_trend
44,74,70,37,40,3,5,0.08,0.54,0.12,0.65,processed_food_heavy
74,58,56,85,43,7,25,0.53,0.54,0.0,0.25,hormonal_risk
53,52,79,79,35,4,11,0.37,0.59,0.42,0.34,hormonal_risk
58,31,32,29,66,9,32,0.56,0.19,0.34,0.62,balanced_user
55,73,65,100,29,5,17,0.36,0.83,0.52,0.0,hormonal_risk
94,38,24,27,76,7,28,0.74,0.3,0.39,0.87,healthy_trend
70,58,33,59,55,12,46,0.79,0.54,0.25,0.77,balanced_user
29,66,78,0,46,10,49,0.53,0.63,0.12,0.79,toxin_risk
54,59,24,18,63,11,45,0.54,0.45,0.09,0.71,balanced_user
62,46,79,23,53,3,3,0.19,0.45,0.18,0.61,processed_food_heavy
59,32,18,22,71,8,32,0.75,0.36,0.09068843003362499,0.84,healthy_trend
33,80,30,51,43,4,13,0.33,0.93,0.31,0.84,toxin_risk
45,100,46,63,34,8,37,0.13,0.82,0.06,0.67,processed_food_heavy
100,67,0,16,79,12,42,0.94,0.73,0.0,0.69,healthy_trend
66,65,92,45,41,1,6,0.14,0.65,0.16,0.77,processed_food_heavy
74,74,48,46,51,8,40,0.29,0.84,0.2,0.55,toxin_risk
47,86,79,48,33,2,1,0.12,0.52,0.18,0.68,processed_food_heavy
71,46,23,18,71,11,44,0.67,0.41,0.27,0.56,healthy_trend
44,66,65,27,46,11,42,0.47,0.67,0.03964398745653599,0.55,toxin_risk
87,27,0,31,82,11,51,0.67,0.0,0.19,0.54,healthy_trend
71,54,49,65,50,11,51,0.58,0.89,0.27,0.47,balanced_user
35,77,57,59,35,4,11,0.02,0.72,0.09155074784031357,1.0,processed_food_heavy
58,76,37,45,50,11,40,0.37,0.64,0.06,0.64,toxin_risk
81,48,34,68,57,6,24,0.65,0.34,0.32,0.76,balanced_user
48,61,100,54,33,1,2,0.37,0.52,0.06,0.88,processed_food_heavy
55,34,23,56,60,6,20,0.51,0.52,0.22,0.85,balanced_user
83,42,100,55,46,6,32,0.33,0.48,0.18,0.84,processed_food_heavy
86,96,53,40,49,12,48,0.41,0.87,0.19,0.48,toxin_risk
53,41,32,8,68,6,26,0.35,0.17,0.0728116262632404,0.46,balanced_user
41,52,15,41,58,8,29,0.54,0.68,0.23,0.78,balanced_user
34,72,97,81,21,6,27,0.03,0.93,0.01,0.62,processed_food_heavy
64,91,77,69,31,2,9,0.42,0.98,0.15,0.8,processed_food_heavy
78,61,40,2,68,13,50,0.51,0.74,0.17048750106874588,0.75,balanced_user
72,0,33,0,84,17,64,0.67,0.2,0.2,0.48,healthy_trend
62,50,47,8,64,13,51,0.72,0.47,0.17,0.44,balanced_user
55,53,54,25,55,4,16,0.46,0.55,0.15,0.0,balanced_user
45,57,42,66,45,4,14,0.37,0.41,0.0,0.27,hormonal_risk
38,17,45,16,65,3,10,0.63,0.16,0.12,0.7,balanced_user
70,66,64,54,46,6,23,0.79,0.47,0.06,0.87,balanced_user
30,52,32,85,40,10,41,0.55,0.34,0.3653447141455024,0.71,hormonal_risk
17,81,55,19,40,3,6,0.17,0.81,0.0,0.91,processed_food_heavy
24,95,67,15,36,3,14,0.22,0.83,0.03,0.9,processed_food_heavy
55,30,44,100,45,6,22,0.53,0.21,0.5120677901090479,0.49,hormonal_risk
38,100,94,63,20,6,21,0.18,0.98,0.12,0.91,processed_food_heavy
70,38,56,65,52,6,24,0.65,0.44,0.14,0.47,balanced_user
94,53,25,0,79,18,77,0.81,0.68,0.32,0.87,healthy_trend
55,91,51,53,40,2,4,0.4,0.99,0.0,0.91,toxin_risk
80,11,25,9,83,14,60,0.71,0.03,0.0,0.7,healthy_trend
51,77,45,47,45,11,43,0.48,0.83,0.29,0.63,toxin_risk
62,38,50,62,53,3,13,0.6,0.47,0.32,0.9,balanced_user
19,75,100,81,15,8,21,0.29,0.75,0.08,0.69,processed_food_heavy
49,64,55,49,45,3,6,0.17,0.87,0.1,0.67,processed_food_heavy
69,54,17,93,51,8,31,0.11,0.42,0.44,0.7,hormonal_risk
66,89,39,12,56,14,62,0.41,1.0,0.24,0.53,balanced_user
57,39,35,17,66,15,72,0.8,0.38,0.11,0.67,healthy_trend
62,28,35,5,73,9,25,0.55,0.29,0.16,0.77,healthy_trend
64,48,59,37,55,3,7,0.26,0.52,0.03,0.0,processed_food_heavy
36,70,57,59,37,10,40,0.41,0.66,0.08,0.9,toxin_risk
21,94,76,40,27,4,18,0.33,0.87,0.025902769436066637,0.76,processed_food_heavy
88,6,34,18,82,9,40,0.44,0.0,0.0,0.46,balanced_user
84,36,22,37,72,2,5,0.77,0.37,0.1640133041188188,0.6,healthy_trend
40,28,83,35,48,11,45,0.19,0.19,0.29,0.76,toxin_risk
81,84,42,30,56,9,38,0.54,0.72,0.24,0.93,toxin_risk
100,54,14,35,74,7,24,0.8,0.69,0.0,0.77,healthy_trend
22,82,86,57,24,4,12,0.32,0.83,0.02,0.93,processed_food_heavy
95,46,5,12,83,10,37,0.61,0.8,0.06866991810898611,0.61,healthy_trend
60,30,32,16,70,9,29,0.62,0.17,0.2,0.71,balanced_user
61,38,29,14,70,12,44,0.72,0.3,0.11278843849977606,0.81,balanced_user
28,84,65,51,32,6,23,0.4,0.85,0.18,0.69,processed_food_heavy
47,68,61,0,54,13,53,0.7,0.52,0.4,0.7,healthy_trend
78,100,23,18,59,11,45,0.37,1.0,0.17,0.62,toxin_risk
71,47,38,24,65,11,40,0.69,0.26,0.08345004907984548,0.62,healthy_trend
29,76,62,86,26,6,26,0.22,0.63,0.49,0.3,hormonal_risk
56,49,45,74,47,4,10,0.45,0.63,0.39,0.0,hormonal_risk
50,49,69,56,44,10,39,0.44,0.47,0.5,0.29,hormonal_risk
35,96,100,69,17,8,38,0.07,0.89,0.0,0.86,processed_food_heavy
28,26,83,72,36,9,29,0.51,0.38,0.0,0.68,hormonal_risk
39,79,63,29,42,5,20,0.4,0.76,0.0572415407595501,0.69,toxin_risk
84,91,54,57,45,3,18,0.16,0.75,0.07,0.92,toxin_risk
68,56,95,22,48,4,20,0.22,0.66,0.11,0.72,processed_food_heavy
26,64,65,19,44,4,12,0.18,0.57,0.13,0.78,processed_food_heavy
76,51,34,33,64,16,64,0.77,0.38,0.12092300557758441,0.5,healthy_trend
39,82,64,19,43,1,19,0.31,0.68,0.16,0.0,processed_food_heavy
72,65,24,34,62,14,56,0.67,0.85,0.33,0.68,balanced_user
14,83,65,32,33,4,15,0.41,0.7,0.13,0.77,processed_food_heavy
59,29,35,0,73,9,45,0.88,0.21,0.02363280504680163,0.58,healthy_trend
18,66,100,51,25,1,1,0.14,0.38,0.03,0.9,processed_food_heavy
72,73,74,30,48,3,3,0.2,0.91,0.2,0.0,toxin_risk
73,51,21,31,67,12,52,0.43,0.59,0.26,0.0,balanced_user
82,38,47,10,71,4,1,0.57,0.15,0.24,0.47,toxin_risk
75,55,52,46,55,8,30,0.7,0.55,0.2,0.59,balanced_user
66,32,27,53,63,5,19,0.49,0.22,0.22,0.55,balanced_user
59,52,46,27,58,14,57,0.79,0.5,0.28,0.82,balanced_user
70,15,37,27,72,14,47,0.94,0.15,0.09,0.58,healthy_trend
57,87,63,36,42,8,33,0.3,0.86,0.14,0.0,processed_food_heavy
59,23,30,7,74,17,77,0.6,0.39,0.29,0.72,healthy_trend
71,20,20,20,77,3,18,0.63,0.26,0.32,0.0,healthy_trend
43,49,80,47,41,2,26,0.23,0.54,0.17,0.0,processed_food_heavy
82,40,19,11,78,9,44,0.68,0.24,0.17,0.52,balanced_user
50,63,49,26,53,13,53,0.44,0.74,0.34,0.73,balanced_user
47,98,61,57,32,6,20,0.24,0.89,0.18,0.68,processed_food_heavy
91,49,0,9,83,17,67,0.65,0.4,0.37,0.0,healthy_trend
38,49,90,100,24,2,9,0.51,0.33,0.86,0.67,hormonal_risk
57,57,35,73,48,9,38,0.3,0.47,0.78,0.61,hormonal_risk
48,77,98,37,34,3,9,0.41,0.61,0.06,0.97,processed_food_heavy
27,75,84,55,28,5,17,0.06,0.61,0.08,0.86,processed_food_heavy
64,60,55,30,54,1,1,0.25,0.42,0.28,0.57,toxin_risk
51,97,44,16,48,8,32,0.47,0.87,0.19,0.7,toxin_risk
65,16,0,0,87,3,13,0.78,0.02,0.06136403698873837,0.56,healthy_trend
100,17,18,12,88,13,52,0.84,0.09,0.26,0.73,healthy_trend
26,67,85,58,29,3,15,0.22,0.57,0.1,0.98,processed_food_heavy
62,89,59,12,50,2,13,0.17,0.84,0.06,0.0,toxin_risk
60,73,100,48,34,4,17,0.1,0.79,0.12,0.99,processed_food_heavy
58,49,23,45,60,7,34,0.66,0.54,0.2,0.44,balanced_user
25,57,75,62,32,4,9,0.38,0.65,0.17,0.74,processed_food_heavy
38,47,1,57,58,9,39,0.82,0.32,0.12,0.78,healthy_trend
50,32,52,28,59,14,55,0.61,0.54,0.015728936343972,0.62,balanced_user
49,43,30,83,48,5,19,0.5,0.26,0.74,0.25,hormonal_risk
34,86,75,57,29,1,6,0.07,0.97,0.09,0.68,processed_food_heavy
83,68,46,71,49,11,43,0.27,0.52,0.93,0.23,hormonal_risk
63,66,44,30,55,10,43,0.32,0.44,0.23,0.47,toxin_risk
74,66,60,68,45,3,13,0.35,0.64,0.77,0.34,hormonal_risk
49,75,61,90,30,3,2,0.44,0.84,0.3399039192680462,0.35,hormonal_risk
66,67,41,55,50,3,15,0.58,0.79,0.29,0.44,balanced_user
46,73,91,45,34,5,24,0.37,0.72,0.09332997390268587,0.78,toxin_risk
58,87,29,84,39,2,2,0.32,0.96,0.0,0.3,hormonal_risk
57,63,54,90,37,11,43,0.23,0.55,0.23784398494642503,0.0,hormonal_risk
29,29,53,87,40,8,25,0.1,0.26,0.68,0.33,hormonal_risk
80,61,34,28,64,4,14,0.36,0.48,0.022047263577377282,0.87,balanced_user
45,100,72,58,28,5,22,0.41,1.0,0.11891859952171897,0.96,processed_food_heavy
87,25,55,36,67,11,40,0.62,0.35,0.18,0.56,balanced_user
40,12,59,35,58,8,26,0.58,0.26,0.32,0.42,balanced_user
57,56,67,49,46,3,18,0.22,0.57,0.05,0.75,processed_food_heavy
27,36,28,25,59,12,41,0.56,0.26,0.12,0.73,balanced_user
89,84,37,40,57,3,20,0.18,0.9,0.0,0.71,processed_food_heavy
70,74,78,48,42,8,30,0.4,0.68,0.19362988561034064,0.36,hormonal_risk
52,90,76,53,33,6,22,0.37,0.92,0.1,0.48,toxin_risk
65,65,32,61,51,4,15,0.19,0.71,0.28,0.84,toxin_risk
64,48,67,25,56,9,42,0.63,0.44,0.22,0.68,balanced_user
42,65,50,13,53,9,49,0.15,0.81,0.23,0.87,toxin_risk
59,85,48,84,35,12,49,0.49,0.65,0.1,0.71,toxin_risk
74,80,27,32,58,3,18,0.59,0.75,0.18,0.88,balanced_user
84,49,19,43,68,6,32,0.61,0.62,0.33,0.0,balanced_user
38,49,51,73,41,1,8,0.43,0.35,0.59,0.51,hormonal_risk
71,29,24,26,73,6,34,0.81,0.13,0.11875518951572428,0.58,healthy_trend
66,52,27,2,71,8,33,0.66,0.45,0.14,0.0,balanced_user
50,41,9,18,70,16,59,0.8,0.48,0.32,0.8,healthy_trend
34,98,80,37,29,1,4,0.32,1.0,0.03,0.67,processed_food_heavy
57,66,46,22,55,3,13,0.36,0.57,0.029789147726610947,0.7,balanced_user
43,33,35,54,55,9,42,0.66,0.62,0.031066348447515376,0.87,balanced_user
35,84,38,83,32,10,42,0.55,0.92,0.58,0.4,hormonal_risk
53,36,60,89,42,5,19,0.4,0.23,0.39,0.64,hormonal_risk
100,38,28,3,82,11,47,0.66,0.45,0.1,0.0,healthy_trend
59,46,22,12,69,17,64,0.89,0.55,0.36,0.81,healthy_trend
46,77,80,71,29,1,13,0.37,0.91,0.06,0.71,processed_food_heavy
66,29,52,12,68,15,60,0.81,0.19,0.39,0.78,healthy_trend
25,70,41,32,45,10,42,0.32,0.67,0.31,0.0,toxin_risk
95,38,31,0,81,13,54,0.75,0.28,0.2,0.83,healthy_trend
77,51,58,24,61,11,37,0.79,0.68,0.34,0.49,balanced_user
91,23,31,0,84,17,72,0.8,0.3,0.29,0.47,healthy_trend
65,55,56,38,54,2,2,0.09,0.39,0.19,0.79,processed_food_heavy
100,51,35,18,74,18,69,0.58,0.43,0.22,0.87,healthy_trend
69,56,29,38,61,11,47,0.4,0.79,0.19,0.73,balanced_user
90,31,23,24,78,10,50,0.63,0.19,0.12588082037218118,0.68,balanced_user
75,64,57,69,46,9,32,0.35,0.65,0.41,0.58,hormonal_risk
64,35,16,52,65,10,38,0.64,0.34,0.24,0.54,balanced_user
70,60,65,63,45,7,28,0.3,0.46,0.19,0.61,processed_food_heavy
78,76,49,70,45,11,44,0.31,0.42,0.53,0.41,hormonal_risk
48,93,71,51,33,8,27,0.28,1.0,0.053611756907367594,0.84,processed_food_heavy
79,26,37,0,79,16,75,0.71,0.37,0.27,0.66,healthy_trend
59,58,54,41,51,7,30,0.52,0.56,0.24,0.95,toxin_risk
58,61,56,42,49,8,29,0.51,0.6,0.12,0.57,toxin_risk
73,49,9,26,72,16,66,0.65,0.34,0.31,0.71,healthy_trend
33,80,69,49,33,2,2,0.36,0.84,0.66,0.39,hormonal_risk
100,25,8,25,85,10,39,0.58,0.16,0.0,0.0,healthy_trend
62,80,45,81,39,3,13,0.14,0.74,0.35,0.74,hormonal_risk
21,80,44,69,32,8,35,0.28,0.82,0.16,0.67,processed_food_heavy
53,73,50,29,50,10,38,0.16,0.6,0.06,0.89,toxin_risk
89,27,28,83,62,12,41,0.13,0.13,0.64,0.47,hormonal_risk
61,64,64,29,51,9,26,0.18,0.57,0.2,0.91,toxin_risk
51,76,35,44,49,5,22,0.4,0.53,0.0,0.66,toxin_risk
75,61,10,37,66,18,74,0.62,0.54,0.28,0.81,healthy_trend
80,20,24,28,77,18,69,0.86,0.03,0.3,0.83,healthy_trend
53,59,43,76,43,7,22,0.45,0.65,0.17329235804893703,0.74,hormonal_risk
49,67,43,45,48,10,42,0.2,0.72,0.5,0.63,hormonal_risk
57,50,62,99,36,11,35,0.29,0.43,0.2578235747279942,0.41,hormonal_risk
87,56,56,23,63,5,15,0.66,0.54,0.13,0.85,balanced_user
91,49,59,31,63,13,51,0.46,0.6,0.08,0.88,balanced_user
98,32,21,19,81,15,69,0.57,0.22,0.24,0.74,healthy_trend
49,69,43,10,56,2,8,0.54,0.63,0.0,0.83,toxin_risk
55,71,24,38,55,11,47,0.25,0.73,0.14,0.78,toxin_risk
34,29,100,67,34,5,24,0.26,0.2,0.0,0.0,processed_food_heavy
72,6,0,6,90,12,40,0.61,0.0,0.0,0.5,healthy_trend
100,13,14,6,91,8,41,0.78,0.16,0.12,0.47,healthy_trend
43,39,56,46,50,2,9,0.35,0.23,0.04,1.0,processed_food_heavy
57,100,72,6,44,11,43,0.47,1.0,0.23,0.46,toxin_risk
32,65,91,63,28,3,15,0.09,0.55,0.09,0.96,processed_food_heavy
100,40,38,20,75,17,74,0.94,0.2,0.1,0.76,healthy_trend
27,76,86,71,23,5,20,0.04,0.56,0.07,0.0,processed_food_heavy
70,15,39,42,68,13,60,0.36,0.21,0.1,0.56,balanced_user
36,24,60,38,53,3,14,0.56,0.04,0.12,0.57,balanced_user
39,68,76,65,32,5,19,0.12,0.47,0.15461561535857773,0.61,hormonal_risk
56,93,56,100,26,3,11,0.51,1.0,0.45,0.74,hormonal_risk
47,45,51,38,53,6,23,0.74,0.48,0.18,0.45,balanced_user
71,62,63,19,56,13,47,0.61,0.65,0.12,0.8,balanced_user
55,57,79,32,46,3,13,0.28,0.39,0.05,0.99,processed_food_heavy
98,55,18,0,81,10,39,0.68,0.58,0.18,0.64,healthy_trend
74,54,48,32,60,3,18,0.64,0.51,0.13,0.4,balanced_user
100,7,21,48,81,12,49,0.56,0.19,0.39,0.75,healthy_trend
100,34,35,0,82,17,71,0.93,0.3,0.16,0.77,healthy_trend
68,62,57,30,54,2,11,0.36,0.56,0.2,0.71,toxin_risk
70,19,60,41,62,9,43,0.35,0.29,0.15,0.83,balanced_user
80,49,55,59,54,13,60,0.86,0.5,0.26,0.55,healthy_trend
61,90,40,64,41,10,46,0.54,1.0,0.89,0.24,hormonal_risk
56,61,22,23,62,4,17,0.38,0.64,0.29,0.71,balanced_user
55,31,23,0,75,14,60,0.66,0.43,0.28,0.89,healthy_trend
53,48,91,89,31,1,2,0.45,0.43,0.0460316653244655,0.0,processed_food_heavy
65,51,14,55,61,9,33,0.34,0.45,0.45,0.73,hormonal_risk
90,40,44,25,70,12,40,0.73,0.42,0.07,0.86,healthy_trend
60,48,41,97,43,11,40,0.49,0.56,0.47,0.37,hormonal_risk
54,68,34,34,54,3,18,0.6,0.67,0.07268275780573115,0.0,toxin_risk
73,73,49,76,43,12,48,0.41,0.75,0.41,0.48,hormonal_risk
52,61,73,54,41,14,57,0.54,0.82,0.33,0.0,balanced_user
51,61,49,7,58,8,29,0.03,0.8,0.11,0.93,processed_food_heavy
55,22,26,48,64,2,5,0.63,0.0,0.19,0.75,healthy_trend
63,39,67,57,50,7,32,0.38,0.63,0.18,0.87,toxin_risk
24,72,72,44,34,3,16,0.11,0.45,0.03,0.98,processed_food_heavy
90,53,32,0,76,9,35,0.68,0.61,0.09564880053056808,0.65,healthy_trend
80,18,34,20,77,9,31,0.67,0.07,0.13,0.0,healthy_trend
22,64,88,64,26,1,14,0.13,0.61,0.02,0.75,processed_food_heavy
49,63,85,33,42,10,48,0.59,0.41,0.12,0.72,toxin_risk
60,50,37,91,45,12,50,0.28,0.43,0.45,0.28,hormonal_risk
77,66,55,14,60,3,14,0.56,0.48,0.3,0.61,balanced_user
61,54,87,74,36,1,2,0.12,0.52,0.07,0.66,processed_food_heavy
76,43,74,79,45,10,41,0.34,0.55,0.0,0.63,hormonal_risk
41,60,69,23,47,6,16,0.22,0.6,0.03,0.99,processed_food_heavy
48,50,42,66,47,6,21,0.17,0.33,0.23661970999675053,0.23,hormonal_risk
75,31,54,39,62,6,22,0.75,0.13,0.18,0.73,balanced_user
74,69,60,53,48,1,1,0.26,0.71,0.08,0.89,toxin_risk
69,22,25,13,77,17,66,0.85,0.07,0.0,0.58,healthy_trend
59,93,60,21,46,5,17,0.16,0.91,0.25,0.66,toxin_risk
73,36,40,0,74,6,17,0.86,0.55,0.07,0.8,healthy_trend
81,73,27,0,70,13,52,0.36,1.0,0.13,0.63,balanced_user
53,93,66,59,33,9,39,0.23,0.95,0.95,0.27,hormonal_risk
12,69,80,45,29,6,20,0.27,0.75,0.03527937637370759,0.88,toxin_risk
54,58,46,40,52,9,41,0.23,0.4,0.08,0.0,toxin_risk
23,100,91,38,23,2,5,0.16,0.95,0.04,0.67,processed_food_heavy
48,66,100,48,33,7,30,0.26,0.71,0.14,0.68,processed_food_heavy
43,77,41,9,54,3,1,0.61,0.71,0.24,0.85,healthy_trend
52,51,39,62,50,6,33,0.3,0.42,0.0,0.57,hormonal_risk
47,65,87,40,38,3,15,0.2,0.69,0.2,0.71,processed_food_heavy
72,39,45,39,62,7,26,0.54,0.21,0.04549869927568438,0.76,balanced_user
79,96,55,17,52,1,2,0.57,1.0,0.25,0.9,toxin_risk
26,64,97,38,31,7,25,0.27,0.7,0.05,0.7,processed_food_heavy
70,46,63,32,57,6,26,0.53,0.51,0.05649408205571358,0.47,balanced_user
73,37,7,4,81,14,52,0.71,0.32,0.08313219772971904,0.0,healthy_trend
67,78,100,48,35,5,20,0.36,0.69,0.02,0.74,processed_food_heavy
56,69,0,54,58,8,46,0.41,0.66,0.11,0.64,balanced_user
21,83,77,41,30,7,31,0.08,0.87,0.12,0.81,processed_food_heavy
79,23,25,19,78,6,27,0.71,0.12,0.29,0.54,healthy_trend
69,70,57,100,35,5,24,0.52,0.68,0.55,0.23,hormonal_risk
71,37,48,9,69,17,71,0.88,0.43,0.18,0.62,healthy_trend
99,30,52,15,75,5,16,0.75,0.3,0.18,0.7,balanced_user
76,42,3,29,75,9,42,0.92,0.49,0.022194054260096137,0.54,healthy_trend
61,52,31,75,50,1,11,0.38,0.61,0.59,0.41,hormonal_risk
79,23,18,22,79,5,22,0.73,0.33,0.34,0.0,balanced_user
71,78,77,30,46,6,24,0.41,0.54,0.0,0.86,processed_food_heavy
62,59,50,34,54,12,38,0.27,0.66,0.23,0.0,toxin_risk
60,21,40,37,65,13,48,0.5,0.32,0.09,0.82,balanced_user
63,77,84,93,27,10,35,0.25,1.0,0.62,0.59,hormonal_risk
64,33,24,42,66,8,31,0.92,0.28,0.37,0.62,healthy_trend
63,40,100,60,40,1,5,0.24,0.42,0.11,0.9,processed_food_heavy
49,78,80,50,35,5,11,0.44,0.85,0.13,0.61,toxin_risk
69,74,28,0,66,6,20,0.39,0.86,0.24,0.76,balanced_user
39,36,20,5,69,7,26,0.7,0.16,0.1666195644223562,0.72,balanced_user
55,71,74,51,39,7,32,0.34,0.65,0.33,0.69,toxin_risk
100,46,40,1,78,17,60,0.75,0.51,0.09,0.5,healthy_trend
67,86,50,7,56,11,45,0.29,0.89,0.27,0.9,toxin_risk
64,24,31,39,67,12,51,0.91,0.23,0.36,0.74,healthy_trend
71,82,51,12,56,7,23,0.28,0.76,0.0,0.0,toxin_risk
89,19,64,42,66,16,65,0.62,0.0,0.16,0.62,healthy_trend
53,76,58,33,46,7,32,0.25,0.64,0.08,0.76,processed_food_heavy
2,67,68,32,33,2,14,0.28,0.69,0.09,0.84,processed_food_heavy
57,70,44,40,50,12,44,0.46,0.8,0.18,0.49,toxin_risk
72,30,38,33,67,14,54,0.86,0.39,0.34,0.63,healthy_trend
64,57,72,100,33,5,16,0.48,0.57,0.63,0.51,hormonal_risk
55,35,58,7,63,12,48,0.56,0.33,0.18,0.68,balanced_user
65,54,25,47,59,10,36,0.88,0.54,0.28,0.73,healthy_trend
43,100,85,14,36,2,1,0.1,1.0,0.12,0.65,processed_food_heavy
63,78,58,81,36,3,8,0.37,0.84,0.84,0.64,hormonal_risk
50,62,54,52,45,8,35,0.29,0.54,0.77,0.23,hormonal_risk
77,31,60,88,49,9,33,0.37,0.15,0.3,0.55,hormonal_risk
67,54,87,40,46,7,25,0.3,0.46,0.08,0.79,processed_food_heavy
98,9,64,13,78,14,57,0.53,0.31,0.1,0.65,balanced_user
56,50,41,100,41,9,29,0.41,0.6,0.12956400883438404,0.58,hormonal_risk
60,83,55,32,47,3,13,0.36,0.92,0.15,0.81,toxin_risk
42,42,65,35,50,12,51,0.54,0.44,0.27,0.92,toxin_risk
53,84,65,32,43,8,37,0.43,1.0,0.06751766684397426,0.0,processed_food_heavy
47,51,60,67,42,7,32,0.29,0.59,0.15,0.68,processed_food_heavy
20,77,75,60,27,2,17,0.25,0.7,0.03971159337687218,0.86,processed_food_heavy
55,100,55,45,38,11,37,0.3,0.94,0.13,0.57,toxin_risk
57,70,36,65,46,1,3,0.56,0.73,0.24,0.53,toxin_risk
100,29,28,10,83,10,39,0.88,0.24,0.08,0.71,healthy_trend
96,7,41,28,80,16,63,0.68,0.0,0.11567663764217564,0.71,healthy_trend
53,35,77,63,44,2,12,0.45,0.49,0.12,0.61,processed_food_heavy
48,100,44,15,47,12,50,0.34,0.98,0.21,0.0,toxin_risk
73,85,50,36,50,2,1,0.47,0.97,0.28,0.54,toxin_risk
71,50,30,36,63,8,36,0.57,0.61,0.28,0.65,healthy_trend
79,32,39,39,67,7,20,0.58,0.45,0.2,0.7,balanced_user
84,76,38,50,55,10,34,0.55,0.6,0.24,0.58,toxin_risk
65,62,56,65,45,2,3,0.51,0.56,0.32,0.52,hormonal_risk
21,81,82,58,25,5,12,0.1,0.94,0.11,0.79,processed_food_heavy
29,63,56,77,33,2,1,0.38,0.55,0.66,0.45,hormonal_risk
45,51,36,14,61,7,30,0.44,0.44,0.0865559750961963,0.0,balanced_user
91,46,20,14,77,15,64,0.63,0.53,0.35,0.51,healthy_trend
40,42,48,32,54,14,62,0.78,0.44,0.13,0.74,balanced_user
72,29,33,37,68,3,11,0.69,0.34,0.21,0.53,healthy_trend
42,89,83,46,31,1,3,0.05,1.0,0.15,0.94,processed_food_heavy
24,72,10,71,42,3,1,0.41,0.87,0.13250075086019772,0.28,hormonal_risk
80,90,43,65,45,3,13,0.59,0.92,0.33,0.71,toxin_risk
55,80,6,5,66,12,52,0.91,0.72,0.25,0.59,healthy_trend
62,59,87,72,36,1,11,0.2,0.42,0.18,0.62,processed_food_heavy
65,59,45,34,56,7,32,0.06,0.42,0.04,0.82,processed_food_heavy
88,63,0,18,76,11,41,0.71,0.47,0.2,0.79,healthy_trend
99,30,33,13,80,13,61,0.58,0.58,0.23,0.89,healthy_trend
59,42,45,18,63,3,2,0.55,0.38,0.33,0.59,balanced_user
59,62,45,49,50,4,22,0.14,0.6,0.06095391713672699,0.77,processed_food_heavy
49,100,46,63,35,7,35,0.22,1.0,0.34,0.8,toxin_risk
36,58,90,25,40,8,30,0.41,0.65,0.00811957828151511,0.0,processed_food_heavy
56,43,66,66,45,11,41,0.46,0.48,0.7,0.66,hormonal_risk
43,80,53,31,44,2,15,0.44,0.83,0.13,0.6,toxin_risk
61,37,71,50,50,10,37,0.74,0.45,0.028503929537969503,0.59,balanced_user
66,45,49,53,54,10,37,0.28,0.49,0.0,0.66,toxin_risk
51,47,31,34,59,14,54,0.43,0.39,0.04036603929186692,0.51,balanced_user
82,34,21,7,80,6,31,0.59,0.48,0.11,0.73,healthy_trend
90,55,0,29,76,9,52,0.74,0.43,0.09,0.51,healthy_trend
27,16,48,98,41,7,26,0.41,0.09,0.77,0.68,hormonal_risk
23,88,67,46,30,3,13,0.42,1.0,0.19,0.64,processed_food_heavy
53,47,40,31,58,7,33,0.68,0.29,0.11,0.85,balanced_user
91,20,13,38,80,15,55,0.69,0.34,0.18,0.74,healthy_trend
83,6,8,38,82,11,42,0.92,0.1,0.07,0.59,healthy_trend
46,88,78,63,29,3,9,0.13,0.91,0.1,0.0,processed_food_heavy
55,62,44,47,50,5,19,0.36,0.71,0.11,0.68,processed_food_heavy
51,54,55,0,60,2,5,0.48,0.71,0.32,0.57,balanced_user
